,year,month,label,sentence
88497,2021,3,남성,"장남만 책임지고 희생하고 이런 시대가 점점 저물어가고 있는데도, 아직도 유교적 가치를 신봉하는 사람들이 많은게 신기해."
88582,2021,3,남성,다들 '서승환' 귀여우면 개추 좀 눌러볼까?
88608,2021,3,기타 혐오,PC충들 없애는 방법
88611,2021,3,기타 혐오,pc주장하는새끼들 패고싶어짐
88683,2021,3,여성/가족,"'너, 너같은 음란한 여자에게 오빠를 빼앗길 성싶냐~~~!!!'"
88710,2021,3,인종/국적,맨하튼 지하철 인종차별 범죄
88714,2021,3,인종/국적,아시안이 흑인 때리거나 백인이 흑인 때리면
88745,2021,3,연령,마무리: 학기랑 취준 병행하는 애들도 있고 취준이 첨인 애들도 있을거야. 특히 코로나 이후로 취준 시장이 훨씬 힘들어졌어 (난 내가 직접 전후 다 겪어봐서 앎). 19년도만해도 지금보다 훨씬 쉬웠다. 그러니까 꼰대새끼들이 과거에 쉬울때 취직해놓고 꼰대 소리하는거 개씹무시해도 싸다.
88817,2021,3,여성/가족,반pc 반페미 운동도 나왔으면 좋겠다
88843,2021,3,여성/가족,n번방때 핀트나간거 지적하면 피해자에 대한 2차가해라 몰아가던 페미가 맞나?
88862,2021,3,인종/국적,(중국발)중금속 발암먼지로 부르는게 맞음 중금속 맞고 발암물질도 맞거든 두고봐 앞으로 수년이면 이 발암먼지로 인한 사망자 줄줄이 나올거다
88866,2021,3,인종/국적,짱깨발 발암 중금속먼지 실화냐?
88888,2021,3,여성/가족,그냥 페미스러운 글을 작작 쓰라는 소리다
89019,2021,3,기타 혐오,학교 개가튼놈들아
89086,2021,3,여성/가족,배로나...ㄹㅇ 불효녀
89092,2021,3,여성/가족,연세대 브이로그보면 죄다 인싸들이라 수험생들한테 환상을 심어주는 것 같음
89100,2021,3,인종/국적,중국이 미개한게 아니면 뭐임?
89107,2021,3,인종/국적,중국은 망해 마땅한 미개한 저질국가 맞음
89207,2021,3,연령,21세기 꼰대;;;
89331,2021,3,기타 혐오,연대씹쌔끼들아
89333,2021,3,기타 혐오,기레기들 어디 물어뜯을거 없나 찾다가
89334,2021,3,인종/국적,어 외국인 비하? 거기에 명문대? 심지어 의대생?
89336,2021,3,기타 혐오,요요 기레기 새끼들 씨발 마인드가 딱 보임
89337,2021,3,인종/국적,아 물론 난민좌도 쓰레기인데 저거 제보하는 새끼들도 똑같이 좆같음 그냥 ㅋㅋㅋ
89342,2021,3,인종/국적,중국 동북공정이 너무 심해지는듯
89345,2021,3,기타 혐오,과도한 pc충들은 걸러라
89346,2021,3,기타 혐오,남녀 막론하고 주변에 pc충들 있으면 반드시 손절하길
89351,2021,3,여성/가족,못생긴 여자가 여권(女權)운동하는 것을 보면
89355,2021,3,남성,"못생긴 남자가 윤리, 도덕 부르짖으며"
89356,2021,3,기타 혐오,퇴폐문화 척결운동하는 것을 보면
89360,2021,3,여성/가족,못생긴 여자들과 못생긴 남자들을 한데 모아
89373,2021,3,여성/가족,페미들이 남자가 여자한테 섹드립하는거 하나하나 다 태클걸고 조지려하니까 어쩔 수 없이 ‘남자가 했으면 반응어땠겠냐’ 이러는거같음 ㅋㅋㅋㅋㅋ
89383,2021,3,인종/국적,조선구마사 작가진들 ㄹㅇ 조선족들 아니냐??
89391,2021,3,인종/국적,조선족 거리 1번지가 있는 곳 이름이 목단강이라고 함
89401,2021,3,여성/가족,성희롱한 여자 연예인들 티비 안나왔으면 좋겠음
89429,2021,3,성소수자,항문기에 무슨 결핍있었냐..?
89491,2021,3,남성,아 진짜 소변충들 그만 깝쳐
89505,2021,3,여성/가족,"학식-돈육김치찌개(한식, ￦4,300)"
89515,2021,3,기타 혐오,여기 에타 찐따들이 학창시절 때 성적 하나로 사랑받고 우월감 느끼고 남들 깔보고 자존감 형성한 애들이라 그렇지 현실에서는 인성 하자 없으면 그냥 다 잘 어울린다 ㅋㅋ
89517,2021,3,기타 혐오,현실에서 그런 티 조금이라도 내는 순간 에타에서 일그러진 우월감 표출해대는 찐따인 거 바로 들킴
89537,2021,3,남성,윤지선 한남충 논문 사건 관련 청원
89562,2021,3,인종/국적,진짜 지들이 인종차별 당해봐야
89567,2021,3,인종/국적,우리가 외국인 차별한거에는 왜이렇게 관대해
89570,2021,3,인종/국적,기사뜬 애는 불쌍하고 한국까지 와서 난민소리 들은 교수님은 안불쌍함?
89594,2021,3,기타 혐오,댓1: 연세대수준ㅉㅉ(고졸)
89596,2021,3,기타 혐오,"댓3: 적폐,,, 청산,,, 하라!!!(중졸)"
89628,2021,3,성소수자,'이해할수 없는 수준으로 가르쳐 놓고 왜 퀴즈에 내나?' 와 같은 황당한 수준의 메일(물론 이렇게까지 예의를 밥말아먹은 말투는 아니었지만)을 받고 나면 도대체 뭐라고 답장을 해줘야 할지도 모르겠습니다.
89632,2021,3,남성,"n번방 같은 사건 분석한다고 한국 남성들을 '한남유충', '한남충' 같은 단어로 정의해놓고 남혐이 아니라는 생각은 어떻게 하는걸까"
89654,2021,3,기타 혐오,응 의사 다 망하게 그정당 찍을거야
89832,2021,3,기타 혐오,의사는 못됐지만 확실한건 의무새들 자존감은 치료가 필요할거같네
89847,2021,3,여성/가족,페미vs촉법소년
89857,2021,3,연령,밥먹고 에타킨 틀딱
89860,2021,3,기타 혐오,이때다 해서 의대생 까고 싶던 애들 나오는 것도 팩트임 ㅋㅋㅋㅋ
89904,2021,3,인종/국적,"""명문대 의대생, 모두가 들을 수 있는 수업에서 외국인 교수보고 '쟤 난민이냐' 발언..."""
89940,2021,3,여성/가족,"인싸들 실실 쪼개면서 '야 XX아 멋있다!! 재밌어졌네 이새끼' 시전, 신난 의대생 더 어그로 끔 여자인싸들이 웃는걸 보자 기분 더 좋아짐"
89941,2021,3,여성/가족,재미없어진 인싸들 다시 의대생 버리고 술마시러가고 이제 의대생만 남음 뒤늦게 정신이 들어서 에타 드가보니 이미 난리남...
90016,2021,3,여성/가족,젠틀하고 섹시한 중년
90070,2021,3,여성/가족,난 남자고 페미도 아니고 페미를 극혐 하는 사람도 아니고 그냥 세상 살아가면서 다른 재밌는 일들에 관심 가지느라 이런거에는 크게 별로 관심을 안 가지는 사람인데... 이번 보겸 사건은 좀 아닌거 같지 않아? 난 그냥 좀 충격인게 한국의 교육 관련 기관들이 너무 무책임하단 걸 보고 놀랐어... 대학이랑 대학 관련 기관은 정말 초중고와는 다르게 좀더 전문적이고 체계적으로 돌아갈줄 알았는데 개뿔 진짜 ㅈ도 없다는걸 느끼게 됐다... 진짜 한국 교육관련 단체들에 너무 실망을 느꼈고 이번 사건은 뭐 페미고 말고를 떠나서 좀 아니지 않아? 난 뭔가 이런 썩은 단체들이 검증해주는 한국대학에 다닌다는 사실에 내가 더 수치스럽네... 이거 솔직히 논문 내려하는거 아니야?
90079,2021,3,남성,그 당시 '잠재적 n번방 가입자' 취급받던 남자들이 일반화하지 말라고 할 땐 가입 회원수 들먹이면서 추잡스럽게 굴던 사람들 다 어디감? ㅋㅋㅋ
90119,2021,3,기타 혐오,"집구석에 놀고 먹는 장애인 아빠도, 치매걸려서 팬티에 똥 지리는 할아버지도, 우울증 걸려서 나한테 울고 불고 난리치는 할머니도 그냥 다 싫다"
90194,2021,3,기타 혐오,너희들 생각보다 전적대 그렇게 지잡대 아님
90243,2021,3,연령,주기적으로 똑같은 내용 말투 패턴으로 싸우는데 이 나이 먹고 왜 이러는거야 대체...ㅋㅋㅋ
90250,2021,3,인종/국적,조선징 특징
90276,2021,3,여성/가족,한녀와 과연 연애해도 괜찮은걸까?
90277,2021,3,여성/가족,"처음만난 여자가 조금이라도 남성 혐오적인 뉘앙스의 말을하면 마음속에는 이미 빨간불이 켜진다...그 여자 어땠냐고 묻는 친구에게 ""그냥 한녀야""라는 말로 얼버무리면서 뭔가 잘못된 것 같은 기분이 든다. '한녀'는 모든 한국 여성을 싸잡아 조롱하는게 아니라 여성주의, 극단적 페미니스트를 비판의식없이 그대로답습하는 습관을 꼬집는 말인데, 그런 사람들이 한국에 너무 많다 보니 '한녀'와 '한국 여자'사이의 경계가 조금씩 희미해졌다. 우리가 원하는 건 ‘한녀 문화’를 캔슬하는 것이지, 한국 여자를 캔슬하는 것이 아니므로. 어쩌면 가장 친밀한 관계 맺기 방식인 연애야말로 한녀와의 투쟁 최전선이 될 수도 있다."
90279,2021,3,여성/가족,"혹자는 그렇게 한녀가 싫으면 ‘한녀 같지 않은’ 여자를 골라 연애하라고 말한다. 그러면 많은 남성이 자조적으로 답한다. 남성 혐오 이슈에 대해 공감하는 여자를 만나면 썸 타는 게 아니라 동지애가 생긴다고 말이다. 설렘이 차지해야 할 자리를 분노가 대신하고, 그러다 보니 상대에 대해 이성적으로 끌리지 않는 경우도 많다. 애초에 “한녀가 아닌 여자를 만나라” 혹은 “외국인을 만나라”라는 건 미봉책일 뿐이다. 좋아하는 감정은 잘 모르는 사람을 더 알고 싶고 궁금해하는 과정에서 시작되며, 관계라는 건 서로의 세계관 속에서 함께 헤매며 끊임없이 부딪히는 과정이니까 말이다. 사랑이란 이름으로 극복하는 것이 아니다. 일방적으로 타협하는 것도 아니다. 사랑한다는 건 내 세계를 상대방과 나누는 일이고, 그 과정을 우리는 연애라 부른다."
90283,2021,3,여성/가족,페미니즘이 욕을 먹는 이유는 자정작용이 없기때문임
90284,2021,3,인종/국적,"모든 중국인이 잘못을 하는건 아니지만, 개중엔 좋은 중국인도 있겠지만"
90285,2021,3,인종/국적,적어도 다른 집단과 비교해서 많은 비율 + 많은 수의 중국인이 민폐끼치는 짓을 하면
90286,2021,3,인종/국적,중국인이란 집단은 욕을 먹음. 집단화 하지말라? 그런 이상주의적인 말은 이상속에서나 하는거임
90291,2021,3,여성/가족,더군다나 페미니즘이 더 필요한 대상은 30대이상 여성 & 30대이상 남성임에도 불구하고 결과적으로 페미니즘에 몰두하는건
90293,2021,3,여성/가족,문제는 자칭 페미니스트들이 이런거를 생각을 한다? 안하는거임 페미니즘 스스로 왜 사람들이 페미니즘을 거부하는지를 알고
90295,2021,3,여성/가족,자기들 끼리 너의 사상도 맞아~ 이러면 걍 페미니즘은 외부자에게 배척당할 수밖에 없는거지
90296,2021,3,여성/가족,소위 래디컬 페미가 하는 말투봐봐 그거보면 일베나 다를바 없음 오히려 일베보다 더 심함 ㅈㄱ해? 이거 고인모독이야
90297,2021,3,여성/가족,너희가 그런 사람들로 받아들여지고 싶지않으면 그런사람들을 욕해 난 그런 페미니즘을 싫어한다고 하고 그런사람들하고 싸워
90299,2021,3,여성/가족,"페미니즘은 '여(여자)성주의'다 그 속엔 여성인권 향상도, 여성의 권력화도, 여성의 남성에 대한 대립이란 관념을 다담고있는거야"
90301,2021,3,여성/가족,"페미니즘이 어떤건지, 왜 욕먹는지, 나는 어떤 페미니즘을 해야하고 페미니즘을 한다면 어떻게 해야되는지"
90303,2021,3,여성/가족,"20대 남성의 페미니즘 혐오는 당연한거야, 그리고 그걸 이해못하는건 페미니즘을 모르는거만큼 무식한거고"
90305,2021,3,여성/가족,그건 자칭 페미니스트들이 함께 해결해야할 문제야 본인의 사상을 정당화시키려면 그걸 알아둬
90308,2021,3,인종/국적,"그럼 그게 양성평등주의/이퀄리즘이지 왜 굳이 ‘페미니즘’이냐 하는 사람들도 있을 건데, 인종에 의한 어떠한 차별도 없어야 한다는 최근의 BLM 운동이 “all lives matter”가 아닌 “black lives matter”인 이유가 있듯이, 뿌리깊은 역사적 차별을 모두 고려한 네이밍이 맞다고 생각해. all lives matter를 외치는 사람들은 외려 그 흑인인권운동에 반발하는 백인들이었잖아."
90309,2021,3,여성/가족,"솔직히 탈코운동에 대해선 난 잘 모르겠어. 화장이나 머리는 내가 하고 싶으면 하는 거고 기르고 싶으면 기르는 거라고 생각해서 굳이 ‘탈코에 참여하지 않는 여성들’을 ‘흉자’와 같은 비하성 용어를 사용하면서 까내리고 비웃는 사람들을 이해하지 못하겠거든. 한남이라는 용어도 왠지 사람을 싸잡아 어떤 꼬리표를 붙이는 것 같아서 좋아하지 않고. 미러링이라는 것에도 동의하지 않아. 그건 더이상 여성의 권리를 위한 목소리가 아닌, 상대(남성)를 혐오하는 영역에 진입하는 거라고 생각해서."
90310,2021,3,여성/가족,"여튼 나는 여자로서 밤에 혼자 길을 걸을 때 누가 따라오지 않을까 불안해하지 않고 싶고, 직장에서 남성 동료들과 동일한 직무를 했을 때 임금의 격차가 존재하지 않았으면 하고, 출산 후 육아휴직을 할 때 눈치를 안 보고 싶고, 사회에서 “너는 여자니까 조신하게~” “여자는 적당한 때 시집가서 애를 낳아야~” 와 같은 말들을 듣지 않고 싶거든. 그리고 그 모든 게 이루어지기 위해서는 여성의 권리가 보호되어야 한다고 보기 때문에 나는 스스로를 페미니스트라고 생각해."
90319,2021,3,지역,신촌 돈이면 돼지
90456,2021,3,여성/가족,연대에도 페미가 있구나
90466,2021,3,여성/가족,과연 페미니즘이 성평등주의인가?
90469,2021,3,여성/가족,이걸 보고도 페미니즘을 여성주의가 아니라고 할 수 있을까?
90492,2021,3,성소수자,근데 여고생 짧은 교복이 섹시하다느니 가임기 여성이라느니 2차성징 끝났는데 성적매력 느끼는게 자연스럽단 댓글에 추천이 20개씩 박히고 징그럽다 징그러워
90495,2021,3,인종/국적,"그래도 새삼, 나름 세계를 선도한다는ㅋㅋ 미국에서 아직도 이런 비상식적인 일이 비일비재하다는게 놀랍고 역겹다. 미국 ""대중""문화의 산물 빌보드에서 일어난 일이니."
90693,2021,3,성소수자,남자 성소수자게시판 가봤는데 줌으로 얼굴보고 에타에다가 귀요미들 많다고 단체돌림하고싶다 ㅇㅈㄹ하더라
90698,2021,3,남성,어딜 가든 극소수의 또라이들은 존재하는데 왜 유독 몰카만 이성 마비 되어서 한남 탓 하는 거야
90699,2021,3,기타 혐오,범죄를 저지른 극소수의 또라이들만 욕해야지
90761,2021,3,성소수자,https://archive.org/
90762,2021,3,성소수자,두번째는 Internet Archive입니다.
90810,2021,3,지역,오늘도 어김없이 나오는 마빈천
90875,2021,3,연령,수메르 급식충과 아버지의 대화
90903,2021,3,여성/가족,아 진짜 명상 골때리네 ㅋㅋㅋㅋㅋㅋㅋㅋㅋ 헬스남 노래녀 엄마녀 알바녀 다 나오네 ㅋㅋㅋㅋㅋㅋㅋㅋㅋㅋ
90921,2021,3,여성/가족,"특히 처음에 바벨 뽑고 난 후 한번 잡고 가고, 하강시 흉추 열면서 찌찌 마중 나가고 고런거."
90923,2021,3,여성/가족,"후인 하강 자체를 잘 모르겠는 팔은 앞으로 나란히 상태를 유지하지만 풀꿈치를 내린다는 느낌으로, 그러면서 흉추 펴고 가슴/갈비뼈를 쭉 내밀면 됨. 더 직접적으로 느끼고 싶으면 팔운 W모양으로 하면서 팔꿈치를 밑으로 찍는 느낌으로 당겨주고 가슴 내밀면 됨."
91314,2021,3,남성,자퇴마렵다
91441,2021,3,기타 혐오,"3. 사람 차별, 계급화하지 않음"
91570,2021,3,성소수자,- 이메일: annals@yonsei.ac.kr
91572,2021,3,성소수자,Hello! This is Yonsei University’s Official English Press—The Yonsei Annals. We will be posting notices onto this Everytime board.
91573,2021,3,성소수자,"If you have any questions, feel free to contact us!"
91575,2021,3,성소수자,- Email: annals@yonsei.ac.kr
91597,2021,3,여성/가족,국가로부터 안전을 보장받기 위한 권리를 가지기 위해서는 국방의 의무를 수행해야만 함. 솔직히 여자는 국방에는 무임승차가 맞음. 의무를 수행하지 않고 권리만 얻고 있잖아. 그래서 현실성이 있냐 여부는 둘째 문제로 치고서 여자도 군대 가야 한다고 생각하는 사람임.
91657,2021,3,지역,토라도라
91703,2021,3,기타 혐오,가난뱅이 신이
91788,2021,3,인종/국적,이웃집 흡혈귀
91914,2021,3,기타 혐오,어디 듣도 보도 못한 지잡대도 아니고..
91966,2021,3,여성/가족,박혜수가 착한애들 때린건 아니야. 노는애들 무리 중에 자기 맘에 안드는 애를 남자애들 껴서 집단폭행했지. 그 피해자들이 선량한건 아닌거 맞지. 근데 그런애들 주도해서 집단폭행한 박혜수가 피해자다? 절대아니야. 엄청 영악한거임. 단순히 대청중 다녔던 착한애들은 박혜수가 그런 폭행 주도하고 다녔던거 모를 수 밖에 없어. 그냥 놀고 나대는 여자애 쯤으로 알지.
92039,2021,3,여성/가족,이대 페미집단은 입결이랑 별개로 걍 남깍으면서 지네 위상올리는게 역겨움 ㅅㄱ
92090,2021,3,기타 혐오,이대생들은 그냥 광신도들임
92164,2021,3,성소수자,클럽 이름은 Yonsei 가 아닌 Yonsei University 입니다! Yonsei University 클럽은 연세대학교 신촌캠퍼스 학부생/대학원생/졸업생들의 커뮤니티임을 알려드립니다!
92210,2021,3,성소수자,https://career.yonsei.ac.kr/ptfol/naTe/lcTe/prMa/index.do
92702,2021,3,기타 혐오,전부 ㅈ같은 교직원 새끼들 룸싸롱 가는데 쓰냐? 개같네 진짜 ㅋㅋㅋㅋㅋㅋ
92778,2021,3,남성,춘추 소변 기사 재밋네
92990,2021,2,여성/가족,이거 ㄹㅇ존좋템임 속당김 없어지고 짱 보들보들해짐
92995,2021,2,지역,내 인생 파데임 커버력 최고 지속력 최고... 색상도 잘 뽑음
93038,2021,2,여성/가족,여자인 친구 없는 여자는 이유가 있다..
93090,2021,2,여성/가족,"1. 돈밝히는 여자, cathy"
93241,2021,2,여성/가족,여성은 약하다라는 강한 인식이 여성이 스스로 강해질 기회를 만들어주지 않고 늘 약한 상태로 살아가게 만드는 게 아닐까.
93242,2021,2,여성/가족,그래서 나는 여성 징병제를 매우 지지함
93243,2021,2,여성/가족,하지만 무조건 남성과 같이 똑같은 혹독한 훈련을 하라는게 아님. 여성은 생리나 임신과 같이 거스를 수 없는 신체적 한계가 있음.
93257,2021,2,기타 혐오,편법으로 재산 은닉해서 장학금 타먹는 탈세충들을 비난해야지
93261,2021,2,여성/가족,근데 제발 적극적으로 여성징병 추진한사람 아니면
93484,2021,2,여성/가족,페미니스트는 이익집단이다
93486,2021,2,여성/가족,지금 페미니스트는 그냥 이익집단이다
93487,2021,2,여성/가족,"그래서 아무개는 가만히 있어도 극성인 몇몇사람들의 큰 목소리를 듣고 정권에서 신경써주고 이익이 느는데 굳이 래디컬페미니스트들을 배척할 이유가 없다. 비스듬히 서서 지지인듯 아닌듯, 누가 물어보면 눈만 좀 찌푸려주고 방관만 해도 떡이 떨어진다."
93488,2021,2,여성/가족,"남녀갈등 일으키지 말라는데, 국가정책이, 페미니스트들이, 남녀간의 쟁탈게임으로 만들고 있다."
93492,2021,2,여성/가족,군대문제는 여성들은 해결할 수 없다. 그들 이익과 무관하기 때문이다. 기껏해야 오빠 남동생이 걸려있으면 그들만 주의를 기울이겠지. 갔다 왔으니 끝이란 마인드라면 그냥 평생 되물림될 뿐이다. 투쟁해야한다.
93493,2021,2,여성/가족,"여성들이 이전, 혹은 지금 받는 차별에는 안타까움을 느낀다. 그러나 20대, 30대 남성들은 그것에 반감을 느끼도록 사회화되었으며, 그것을 조장하지 않는다. 사회구조 때문에 생기는 차별 운운하는데 진정 대항해야하는 상대는 분란을 조장하는 래디컬 페미니스트와, 악취를 내뿜으며 혐오를 토하는 남자와 여자, 그걸 이용하여 분란을 조장하며 이익을 취하는 영향력있는 사람들이다."
93495,2021,2,남성,야 이 한남 한녀들아
93527,2021,2,여성/가족,근데 학교에 남친 데리고 오면 흉자느니 한남이냐느니 그런 말 엄청 들리고
93528,2021,2,남성,에타에도 학교 어디어디에 한남 있다 ㅈㄱ해라 이런 글도 올라오기도 한다던대ㅋㅋㅋ
93529,2021,2,기타 혐오,그래서 그 누나가 정신병 걸릴 것 같다고 항상 얘기함
93553,2021,2,성소수자,퀴어퍼레이드 등이 정말 외설적인가와 별개로
93556,2021,2,성소수자,"정부나 국가적인 스케일과 맞설 때 폭력적 수단, 어느 정도까지의 위법이 허용되어도 된다는 내 생각을 뒤로 하더라도 퀴퍼에서 위법까지 저질렀나? 하면 그건 아니잖어."
93648,2021,2,지역,토라도라
93694,2021,2,기타 혐오,가난뱅이 신이
93778,2021,2,인종/국적,이웃집 흡혈귀
93799,2021,2,연령,난 늙은 할배들이 정치하는게 제일 큰 문제라고 봄
93800,2021,2,연령,뭔 오늘내일 하는 60대 후반 ~ 70대 할배들이 정치 윗대가리 하고 있으니까
93811,2021,2,남성,한남유충이라는 단어임 다른 거 서치하다 우연히 보고 진짜... 너무 놀랐음
93830,2021,2,여성/가족,"그러니까 페미니즘의 죄악을 모두 ""래디컬 페미니즘""에 전가하는 행동은 그만하길."
93873,2021,2,성소수자,와 동성간 성추행 이슈로 핫하네;;
93895,2021,2,연령,ㄹㅇ 소변생들 성적 전부 리셋시켜봐
93942,2021,2,기타 혐오,여대애들 제일 어이없는것중에 하나가
93943,2021,2,여성/가족,"'공학 안 가서 다행이라고, 갔으면 성범죄 시달렸을거같다면서 여대오길 잘했다'고 자기들끼리 말하는거ㅋㅋㅋ"
93945,2021,2,여성/가족,그렇게 말하면 공학 다니는 여자는 뭐가됨? 페미니즘은 '여대 다니는 여자'만을 위한 사상이야?
93947,2021,2,여성/가족,페미들 말하는거 자세히 까보면 이런식으로 집단이기주의인거 다 드러나서 싫어짐..
93962,2021,2,여성/가족,여잔데 여대좀 없앴으면 좋겠어
93964,2021,2,여성/가족,진짜 여대좀 없애라
93972,2021,2,지역,이쯤에서 다시 보는 학교 폭력으로 자살한 대구 중학생 유서
94059,2021,2,인종/국적,지네가족은 축축한 흙이나 나뭇잎 속에서 살면서 밤에 작은 곤충들을 잡아먹는다. 참고하도록.
94315,2021,2,연령,어린 애가 어른인척 오지게 한다고
94358,2021,2,여성/가족,요즘 보면서 좀 안타까운게 내 이상형이 착한여잔데 그 착한여자들이 쓰레기남자한테 정성을다해서 사귀다가 바람맞는다거나 해서 착할필요없다 이러면서 흑화돼서 착한여자들이 사라지는게 너무 안타깝다..ㅠㅠ
94362,2021,2,여성/가족,"3.주위에서 1,2를 겪은 언니들이 ""남자한테 잘해줄필요없다"" 시전"
94380,2021,2,성소수자,못생긴 애인과 하고 나서 채워지지 않는 욕구. 예쁘고 잘생긴 사람과 섹스를 해도 스스로에 대한 자격지심과 즐기지 못하는 상대방의 태도 때문에 즐기지 못한다. 결국 잘생기고 예쁜 녀석들이 얻는 쾌락의 3분의 1도 얻지 못하고 그저 성감대에서 얻는 말초적 쾌락에 만족해야 한다.
94381,2021,2,성소수자,"그저 성감대를 애무하고 성기에 성기를 삽입하는 행위라는 공통점만으로 비와 김태희 부부, 톰브래디와 지젤번천 부부의 섹스가 못생기고 흔한 남녀커플의 섹스와 동일한 범주로 묶일수 있을까? 둘은 엄연하게 구분되는 다른 행위라 할 수 있다."
94382,2021,2,남성,못생긴 사람들은 쓸데없이 성욕에 탐닉할 필요가 없다. 남들보다 저질 쾌락에 몰두하여 시간낭비할 필요가 없다는 이야기다. 차라리 학문이나 업무 등 사회적 성취에서 보람을 느끼자. 봉사활동을 해도 좋다. 인터넷에선 이미 많은 못생긴 동지들이 성과 관련된 모든걸 반대하고 혐오하는 것 같지만
94421,2021,2,종교,"뭐만 하면 mbti로 끌고 가서 ㅇㅇㅇ특임, ㅇㅇㅇ그러더라... 이러고 요즘 에타 글도 mbti로 소속감 일반화가 너무 많은 것 같아. 광신도들 같오ㅠ 애초에 인간이 얼마나 많은데 그렇게 딱딱 16가지로 분류가 되냐고.."
94438,2021,2,인종/국적,윤동주 중국인이라고 하는 거 개 열받네
94560,2021,2,여성/가족,동물애호가 페미 반페미 결론
94597,2021,2,여성/가족,페미들만 출연하는게 폭력예방교육?ㅋㅋㅋㅋㅋㅋㅋㅋㅋ
94640,2021,2,성소수자,난 사과대 소속인데 퀴어축제에 연대 사과대 깃발 있는 거 넘 싫었어
94644,2021,2,여성/가족,"난 솔직히 사과대 메인(페미, pc 기타 등등) 애들이랑 싸울 자신이 없어서 그래ㅜ"
94860,2021,2,기타 혐오,외교원 서울대 외교학과 싸가지없는애들 넘 많다
94893,2021,2,기타 혐오,"근데 ㄹㅇ 뭐만하면 다 전문직 미만 ㅆㄹㄱ로 몰아가니까,"
94896,2021,2,기타 혐오,"졸붕이 게시판이 실제론 취준 게시판으로도 쓰이는데, 잘못된 정보로 오판하고 열심히 사는 사람 인생 안좋게 보니까 오히려 취직 잘한 졸붕이들은 떠나고 의무새들만 남아서 negative feedback 하는거 같아서..."
94932,2021,2,기타 혐오,의대생도 아니면서 의대생 코스프레하며 우월감 느끼는 에붕이는 아닌지?
94947,2021,2,남성,짝남이랑 우연히 겹지인 생겨서 조금씩 다가가고 있었고 카톡도 충분히 하고있었는데 나 마스크 벗은거 본 날 이후로 카톡 80프로 감소함 흑 ㅠ 미안하다!!! 눈 아래로 못생겨서!!!!
94995,2021,2,성소수자,https://tutoring.yonsei.ac.kr/sinchon/
95181,2021,2,남성,3. 고추바사삭
95293,2021,2,지역,4. 밥약 걸 선배들이랑 지역이 멀 경우...
293434,2021,3,성소수자,오 딱 그거야 + 염탐하는애들 존싫
293598,2021,3,남성,장남이 희생하는 게 지금 아예 사라짐? 아직도 많이 남아 있잖아 이런 부분은 생각 안하고 꼭 자기들 입장에서 기분 나쁜 부분만 확대해서 생각함
293600,2021,3,남성,"장남이 희생하는게 아예 사라지진 않았지 내 말은 사라지는 추세라는 것이고, 장남이 희생하는 게 옳다든지 그게 사라져가는 지금의 추세가 옳은 방향이라던지, 그런 가치판단을 한적 . 내 말의 요지는 ""부모는 자식 차별해도 되는데, 자식은 부모 차별하면 안된다""라고 주장하는 사람이 많길래 쓴 글임."
293691,2021,3,남성,익11 뇌절에 찐이노
293692,2021,3,연령,아유 어르신 또 이러시네
293830,2021,3,종교,방탄 팬이지만 사이비 신도급 극성팬은 내가 봐도 부끄러움ㅜ
293832,2021,3,종교,신도 많은 건 사실인데 난 차라리 그게 낫다..억까도 싫고 그냥 연예인이면 다 죽이고 싶어하는 사람도 많아서 그냥 찬양하는게 나을판임(물론 다른 아티스트나 일반인 등 안 건들이는 선에서)
293989,2021,3,연령,"ㅇㅈ 고학번 틀딱으로서 2021 비대위가 전대 비대위들 보다 일많이, 잘했다는게 느껴짐,, 새내기들은 이번이 처음이니까 비대위가 그정도 해주는 거를 당연한걸로 아는듯..."
294040,2021,3,기타 혐오,미개봉 중고 동기들은 대부분 중ㆍ고교 친구들이랑 더 친할 듯.. 대학 동기들 만나본 경험이 거의 없으니..ㅠㅠ 아직도 존댓말하는데 말 다 했지 뭐.
294225,2021,3,기타 혐오,간접사실 주요사실 언급하는거 보니까 민소 따리 공부하는 변준생 아님 로스쿨생인가보네 힘내라!
294237,2021,3,여성/가족,ㅋㅋㅋㅋㅋㅋㅋㅋㅋㅋ징하게 적고 튀엇네 익3같은 애들이 로스쿨 졸업하고 변호사 되고 여성계 거물되고 유리천장 ㅇㅈㄹ 할꺼 생각하니 너무 킹받자너 로스쿨.. 노쨩의 큰 그림이네..
294248,2021,3,인종/국적,한심한 놈들 그니까 양남이 한녀 따먹었는데 다른 년이랑 자서 조심해라는 거 아님 ㅋㅋㅋ
294251,2021,3,인종/국적,긍까..잘생긴외국인이 그르케 수준운운할 정도이냑우
294252,2021,3,성소수자,저 남자가 강제로 섹스한것도 아니고ㅋㅋㅋㅋ 성병 옮긴거 말고는 뭔잘못인지 모르겠다. 서로 좋아서 했으면서
294262,2021,3,인종/국적,ㅋㅋㅋㅋㅋㅋ 갓양남~~
294270,2021,3,인종/국적,뭐래~ 잘생기고 키큰 양남 아니었음 이게 통했겠니?ㅋㅋ 지들이 좋아서 자놓고 왜저래 ㅠㅠ 먹버당해서 부들거렸쪄???
294273,2021,3,성소수자,고딩이랑 하는건 상관 없는데 성병 옮기는건 범죄일텐데?
294284,2021,3,성소수자,"성병을 옮기면 상해죄가 적용되고, 고의가 아니더라도 과실치상죄가 적용된다"
294286,2021,3,여성/가족,얘 좌파페미 컨셉충이어서 그런거 일부러 지적 안 함
294287,2021,3,성소수자,애초에 그런사람을 왜만나지ㅋㅋㅋㅋ 원나잇 성병위험큰거 다 알지않나
294301,2021,3,인종/국적,반지의제왕 드라마에 pc만 아니었으면 ㄹㅇ 똥양인엘프나오는순간 조짐
294303,2021,3,인종/국적,이러고 흑인 갈라드리엘 나올기세
294306,2021,3,기타 혐오,그래서 pc충은 어떻게 없앰?
294314,2021,3,여성/가족,페미니즘 액션영화 찍고싶은 사람은 제발 매드맥스 반만 배워라
294531,2021,3,여성/가족,“페미제조기”
294549,2021,3,기타 혐오,아ㅋㅋㅋㅋㅋ존나 역하다ㅋㅋㅋㅋㅋㅋ진짜 갤거지들 시발ㅋㅋㅋㅋㅋㅋㅋ
294674,2021,3,인종/국적,이래서 흑인차별해도 된다고 생각함 니그로들
294678,2021,3,인종/국적,"뭐 조승희야 인종차별에 항거한 제너럴 조라고 쳐도, 다른 꼴통 아시안 범죄자를 근거로 아시아인 혐오 정당화하면 그건 괜찮음? 아니면 시진핑 조같다고 아시아인 줘패는건? 너희들도 '흑인' 이라고 퉁쳤으니 국적 구분해달라는 요구는 하지 말고"
294680,2021,3,인종/국적,흑인혐오는 좋고 아시안혐오는 나쁘다 ㄷㄷ 반박하면 니그로 ㄷㄷ
294681,2021,3,인종/국적,저런 흑인들 케이스 들고와서 흑인 전체 깔수있으면 중국인들 행태 들고와서 아시안 전체 까거나 일부 남자들 범죄 가지고 한남 ㅇㅈㄹ 하는것도 쌉가능 아님?
294687,2021,3,인종/국적,어쩌겠냐 중국인이 아시아인인걸
294688,2021,3,인종/국적,중국인이 아시아인이 아니었다면 아시아인이 저렇게 혐오받지도 않았을 거임
294689,2021,3,인종/국적,누가누굴챙겨 ㅋㅋㅋ 흑인도 아시아인이 편들어주면 존나 비웃을듯
294697,2021,3,인종/국적,우리도 지하철에서 흑인 보면 한국인 특유의 째려보면서 비밀스럽게 수근거리기 스킬로 보복하자
294698,2021,3,인종/국적,흑인들의 이중성 좀 역겨움. 지들끼리 블랙 라이브즈 매터 이러면서 자기들은 아시아인 차별하고... 뭐 아시아인도 동남아 차별하니까.... 모르겠다 그냥 인간의 본성이 너무 역겨운 거 같아
294700,2021,3,연령,한국에도 지방에 동남아외노자 때리면서 일히키는 미친 할배들 있음..
294704,2021,3,인종/국적,맞는말인데 저건 아무것도 안했을 가능성도 높음ㅋㅋㅜ 미국 중산층 이하 흑인들 상상 이상으로 개념21/03/30 15:03
294713,2021,3,인종/국적,샌프란시스코 경찰서피셜 미국내 아시아인 상대 폭력 범죄의 85%가 흑인이라고함.
294718,2021,3,인종/국적,하류계층 흑인들 문화가 미개함의 끝임 가장 작은 문제까지도 무력으로 해결하는걸 선호함
294728,2021,3,연령,금공 경영직렬로 보구요. GSAT 교재는 해커스 하양이 파랑이가 제일 깔끔했습니다. 다만 저는 과거 4과목 시절 인적성 준비한 틀딱이라( 작년 온라인 GSAT부터 2과목으로 축소) 그건 감안하세요~
294876,2021,3,연령,고학번 틀딱으로서 ㅇㅈ.. 유착관계네 뭐고 하는거 너무 과몰입이야
295109,2021,3,여성/가족,어렸을 때 배운 반짝이던건 양성평등 운동이지 페미니즘이 아님 일부로 페미들이 성평등 주의자면 너네도 페미다~ 이러면서 양성평등 운동하시던 분들이 사전에 해놓은 좋은 이미지와 지지자들까지 날먹하려 한거지
295112,2021,3,여성/가족,"다만 그때는 운동권이 주류세력이 아니었고 진보정권도 여성계 말하는대로 다 들어주는게 아니었으니 사리고 있던거지ㅎ 문통 들어서서 정권이 대놓고 비호하고 운이 좋게도 그 때 딱 강남역 사건 터지니까 여성계측에서 여론몰이 오지게 해서 이만큼 큰거임ㅋㅋ 지금 페미니즘은 여시, 워마드 이런애들이 본진이 아니라 이화여대, 민우회, 여가부, 정의당 등등이 컨트롤타워임"
295114,2021,3,여성/가족,페미니즘 시초가 흑인차별 아닌가?
295120,2021,3,여성/가족,페미니즘 깔려면 기본적인건 좀 알아보고 까라. ㅌㅍㅁ들이랑 다른게 뭐냐. 뇌피셜하고 실제랑은 다르다.
295151,2021,3,인종/국적,근데 가끔 외국인인데 한국화 잘못돼서 개꼰대된 교수들도 있어ㅋㅋㅋ
295190,2021,3,남성,"거기다 엔번방사건때 자기들원하는 내용 아닌 댓글들(ex: 26만명까진 아니다, 모든 남자가 엔번방본건 아니다)은 전부 이단취급하고 한남충 취급당함^^ 근데 남자가 당한 사건에는 ^모든 여자가 그런건 아니야^ 시전ㅋㅋ 너무 웃기고 같잖아서 여혐도 안생겨 뭘 혐오까지해 시간아까워"
295206,2021,3,여성/가족,특히 세연넷에서 이대 여론 양념치던 전적이 있어서 페미 여론 양념친다는 의심을 받고 있지
295210,2021,3,기타 혐오,ㅋㅋㅋㄹㅇ지잡수준이 어케 연대왔냐
295219,2021,3,여성/가족,우리학교에서도 저런 생각하는 사람 많은거 같은데 ㅋㅋㅋㅋㅋ 요즘 페미들 ㅈㄴ많아져서
295221,2021,3,기타 혐오,수준 낮은 이대생들은 입결 비슷한 건대랑 노세요~
295238,2021,3,인종/국적,짱깨발 살인가루
295246,2021,3,여성/가족,"저거 보면 “남녀” 할때 남이 아니라 “우리가 남이가” 할 때 남임. 그니까 완전 부자연스럽고, 일부러 페미라는 것을 티내는거지. 심지어 출연자분한테 비하했으니.. 사과해야지"
295270,2021,3,남성,ㅋㅋ 댓글 여자들 남이stranger라고 한남들한테 머라하는데 어떤 교수는 보이루로 논문도 썼는데ㅋㅋ
295272,2021,3,인종/국적,헬조선 미래가 일본인데 가면 뭔 소용이노 미국이나 유럽으로 가야지
295331,2021,3,기타 혐오,의대생들아 피해망상 치료하는 약좀 만들어줘라
295342,2021,3,여성/가족,팩트 : 군인 인권 개선시킨건 페미니스트이다
295357,2021,3,인종/국적,중국놈들 ㅠㅠ
295406,2021,3,여성/가족,익7아.. 저거 여초 커뮤 용어야.. 페미들이 쓰는말인데 무슨
295414,2021,3,기타 혐오,잡대생이 여기 있으면 안되지ㅋㅋㅋㅋ
295477,2021,3,성소수자,korean keyboard not working sibal
295511,2021,3,여성/가족,..안보이니.. 그리고 자꾸 아집 ㅇㅈㄹ 하는데.. 그냥 잠깐 든생각 말한거고.. 내생각이 틀리다는거 이번기회에 알았는데.. 뭐가문젠지 ㅠ 확실한건 여자혐오하는 남자들이많다는고...ㅠ
295549,2021,3,여성/가족,그게 페미가 만든 사회. 피차 조심하자구
295585,2021,3,종교,걍 네가 조교해라 ㄹㅇ 조교는 하는게 뭐냐
295687,2021,3,인종/국적,ㅉㅉ 이게 다 근본적으로 중국동포 대재앙 때문인데 학교에만 열내면 뭐하냐
295747,2021,3,성소수자,"Additionally, my argument is not about return all of tuition. It's about 'return at least part of tuition.'"
296124,2021,3,기타 혐오,"이 세상 제일 편한 직업이 서울 10위권 내 교직원인듯. 엄청 이상한 애들도 없어서 고통 받을 일 없고, 어디가서도 대학 얘기하면 알아봐죽ㆍ"
296298,2021,3,인종/국적,진분홍에 비하면 주단탱은 그저 아기공룡 둘리 수준.....
296302,2021,3,인종/국적,어제도 집앞에 담배피러 나갔는데 새벽 5시에 중국인무리 길거리에서 큰소리로 떠들고 난리더라 여기 신촌같은 번화가도 아니고 주거지 밀집지역인데;
296305,2021,3,인종/국적,미개라는 단어는 그렇게 엄근진하게 쓰면 안되는데 찐이란 단어는 쓰네? ㅋ
296309,2021,3,인종/국적,여태 중국욕했는데 한국인이 왜나옴? 내가 중국인 욕했음?ㅋㅋ
296311,2021,3,인종/국적,한국이 그런소리 들을 만한 행보를 한다면 그래도 할말이 없겠지 ㅋㅋ 근데 우리나라가 코로나에 역대급 미세먼지에 군사도발까지 할 일이 있을까 과연? ㅋㅋㅋㅋ
296312,2021,3,인종/국적,중국 미개한건 전세계가 동의할듯 중국빼고 ㄹㅇ
296313,2021,3,인종/국적,ㅇㅇ 세계유일 미개국 중국~~ 망해라제발
296318,2021,3,인종/국적,미개 사전적 정의 위에 보면 사회가 발전되지 않고 문화수준 낮은 상태인데 이게 왜?
296324,2021,3,인종/국적,이게 인종차별 의대생 욕하던 에타..?
296328,2021,3,인종/국적,한국도 다른나라에서 보기엔 미개함 https://www.youtube.com/watch?v=xB1lodHbUUE&ab_channel=%EC%97%A0%EB%B9%85%EB%89%B4%EC%8A%A4
296332,2021,3,인종/국적,중국인 앞에서 했다간 칼빵맞을게 뻔한데 어케 앞에서 이런소리를 하냐 ㅋㅋㅋㅋㅋ
296333,2021,3,인종/국적,중국 정부에 동조하는 중국인을 욕하는게 맞지.
296376,2021,3,여성/가족,아 바람핀뇬이 엄마야? 아빠랑 바람난 년이 너무 당당해서 엄마가 떠난다는줄 미안 내가 잘못알아들었네
296418,2021,3,여성/가족,"여자가 신체조건이 부족해서 군대를 못가는거면, 신체조건이 부족한 남자도 다 면제를 받아야지ㅋㅋ 아니면 4급 정도는 되는 여자들은 다 공익을 같이 가든가"
296492,2021,3,인종/국적,헉 조교님이셨군요... 짱 귀여우세요ㅠㅠ뭔가 이런 맛집 리뷰하는 것도..동영상 찍으시는 것도요..ㅠㅠㅠㅠㅋㅋㅋㅋ
296530,2021,3,남성,한남이 미안해
296540,2021,3,연령,꼰대 ㄹㅇ
296702,2021,3,기타 혐오,전형적인 대학와서 담당일진 통제 벗어난 개찐
296767,2021,3,여성/가족,얘는 진짜 여덕이나 호감가진 여자들이 많아서 계속 쉴드받고 되려 서신애 까고 그러더라
296819,2021,3,종교,ㅇㄱㄹㅇ 사이비종교같음
296964,2021,3,남성,이정도면 소변 나도 ㅇㅈ한다 ㅋㅋㅋㅋ 소변하고 싶으면 적어도 이정도 노력하고 학점 리셋해서 오길
296971,2021,3,연령,애들 댓글도 뭔 할아버지한테 다는 것처럼 달았어 ㅋㅋㅋㅋ 원래대로라면 상당히 고학번인건 맞지만ㅋㅋㅋ
296975,2021,3,남성,신분을 속인다든지 타 전형 후려치고 소변 올려치는 것 때문에 욕하는 거지. 물론 소변 자체가 적폐이기도 하지만
296998,2021,3,연령,사태..라니 놀랍다 태극기 틀딱들하는말 그대로하고있네 보수가 제대로서야 지금이상황이바뀌지
297000,2021,3,지역,앗 제가 또 그짝들 발작버튼 눌렀나요?? 그렇다면 죄송하네요 태극기 틀딱 드립까지 치실 줄은...
297072,2021,3,기타 혐오,수능잘볼 머리가 안되니 지잡리그에서 머리한거 아닌가
297078,2021,3,남성,"그냥 그러려니한다 나도 서성한에서 일반편입했는데, 애초에 소변충들 상대도 안해서 그냥 아무생각 그냥 애잔해"
297178,2021,3,인종/국적,근데 지금와서 보면 진짜 난민좌는 항공대생 아님? 물론 의대생이 수업 방해한건 맞지만
297194,2021,3,기타 혐오,기레기 썅년들 제목수준보고는 뜨악
297208,2021,3,지역,역시 원주캠 애들은 지능이 낮은듯
297222,2021,3,성소수자,이걸보고 소변은 나쁘지 않다는 생각이 드는걸 보니 지능형 소변충이 아닐까 싶다
297242,2021,3,인종/국적,짱깨돈이 그렇게 좋다나바
297249,2021,3,성소수자,나도 얼마전에 남자pc충 걸렀다ㄹㅇ
297253,2021,3,기타 혐오,모바일게임 혐오하는사람들. pc충때문에 디아블로 이모탈 욕 오지게먹잖아 ㅜㅜ
297269,2021,3,여성/가족,나는야 잘 생겨서 여친도 있고 친구도 많지만 페미를 처단하기 위해 한일전 하는 저녁에 시대정신을 안고 홀로 구글링으로 긁은 마광수 시를 에타에 업로드하는 시대의 인싸지성인?? 인정해드림
297295,2021,3,여성/가족,ㅍㅁㄴㅈ이 남녀평등을 지향하지 않는다는 걸 간접적으로 보여주는 사례라 생각한다. 지들 불편한거만 늘어놓고 정작 자기들은 그 행위를 옹호하고 있거든.
297298,2021,3,여성/가족,남자들은 사실 ㅈ도 상관없어 뭐 섹드립 하든말든 선 씨게 넘지 않으면ㅋㅋ 근데페미들은 다 트집잡으니까 ‘시발 우리도 트집잡아봐줘?’ 이러는거지
297307,2021,3,남성,아니 근데 남자들은 여자들이 박나래같은 섹드립쳐도 불쾌하게 느끼는 야들도 있겠지만 딱히 막 ‘와 개역겹다’ ‘남혐이네’ ‘남자 성별을 성적으로 모욕했네’ 이런 생각 잘 안한다니깐 ㅋㅋㅋㅋ
297308,2021,3,여성/가족,패미들은 뭐 섹드립 대상이 여자면 거의 죽기살기로 뛰어들더만
297310,2021,3,여성/가족,여자들은 여자가 남자한테 섹드립 치는것도 극혐해;; 박나래 조진다고 페미한테 이긴것같냐 그거야말로 페미들이 바라던 바일텐데 피아식별 진짜 못하네 이정도면 지능 문제인거같다
297342,2021,3,연령,공영방송은 아가부터 노인들까지 다 봄
297349,2021,3,인종/국적,근데 그 말은 중국에서 의도적으로 체계적으로 공작을 벌였다는 거니까 거기 협력한 작가들은 진짜 반역자임. 뭐 민족의식 없어서 반역자다 이런 게 아니라 직접적으로 상대국 정부와 결탁하고 협력ㅎ한 거니까
297350,2021,3,인종/국적,ㅁㅊ나 목단강 가봤는데 거기 걍 조선족자치구임....빼박이다 이건 소름이네
297354,2021,3,여성/가족,"난 여자들이 불쾌하다고 느끼는게 사회적 분위기의 영향인거 같아 성의식 변화, 페미니즘 확산 등등으로.."
297386,2021,3,여성/가족,"송은이, 김숙 다 예전에 신화 앤디 눈 가리고 몸 더듬던 인간들 아님?? 이딴 짓 했던 주제에 김숙은 예전에 snl에서 변태 꼰대들한테 할 말 다하는 그런 진취적인 여성 역할했던 게 더 어이없었음ㅋㅋ현실은 진취적인 여성은 개뿔 성별만 바뀌었지 snl속 변태 꼰대였던 인간인데ㅋㅋ"
297393,2021,3,여성/가족,여자들도 저러면 좋은거 아냐? 왜 여자들이 박나래 쉴드쳤음 좋겠어? 여자들은 박원순 욕하는 야갤 보고 왜 정상이지 이런말 안 하는데 남자들은 왤케 속으로는 여자들이 박나래 쉴드치기를 은근히 바라는거 같지ㅋㅋ
297485,2021,3,지역,지역이 어디야? 벌써 꽃 만개했네!!!
297512,2021,3,성소수자,똥지렸는데 남친 부르라는건 진짜 악마냐??
297558,2021,3,남성,ㄹㅇㅋㅋ 내가 쓴 별 의미없는 글에 좋아요 딱 1개있으먼 자추같아서 쪽팔림
297596,2021,3,연령,좆반고새끼들이딴소리하면반갈죽마려움
297634,2021,3,기타 혐오,내가 수시정시 다해봐서 아는데 수시옹호하는애들은 양심이 없거나 수시 실상을 모르거나 둘중하나임 여기에도 특목자사 적폐 선동땜에 서울대 못간놈들 꽤많을걸? 기준도없고 우덜식 사기꾼 전형이란 뜻임
297643,2021,3,기타 혐오,딱히 자정할것도 없고 개인 잘못이지. 그걸로 의대 싸잡혀서 욕먹을거 생각하니까 좆같은거지
297699,2021,3,기타 혐오,연합뉴스가 평소에 좌파애들 말도 안되는 홍보기사 써주는거 생각하면 저 정도는 국민 관심에 더 맞는 기사임
297771,2021,3,지역,그냥 대구면 영남대 부산이면 부경대수준임
297772,2021,3,지역,원주 올려치기 양심뭐야? 세종도 양심없네 둘이 같이 표만들었나ㅋㅋㅋㅋ
297914,2021,3,기타 혐오,지잡에서 과탑급아니면 오면 안되는게 당연한거고 편입과 달리 그 성적을 유지하는게 잘못됐다는건데 이걸 이해를 못하나..
297916,2021,3,기타 혐오,그리고 지잡에서 누가 과탑을 못함ㅋㅋㅋ
297917,2021,3,기타 혐오,지잡이라 이해력이 딸리네 ㅋㅋ
297980,2021,3,인종/국적,애초에 난민좌는 정상이 아니고 이해의 범주를 넘김
298115,2021,3,인종/국적,국제대 건도토 비상경문과 공찐 경찐같은 주기적 이슈들 다 관심.. 성별싸움 글은 이제 일부러라도 안보고 난민좌 같은 이슈도 걍 굳이 댓글 안 남김... 의미없는 갈등이 너무 많은거 같아서 지쳐 흑흑
298116,2021,3,기타 혐오,"똥쟁이들 본인들이 맞아서 대꾸 안하는줄 알고 글 계속 싸지르던거, 피곤하고 논쟁할 가치가 없어서 무시하던거라는게 증명됐네"
298141,2021,3,인종/국적,흑인들 범죄율 백인보다 배 이상은 높은데 그러면 니그로 해도 됨? 현재 존재하는 인종차별은 그 집단의 정체성을 개개인에게 부여하지 말자는건데 이해가 어렵나봐?
298142,2021,3,성소수자,소변이심 하는거 자체가 차별이고 하대하는건데 핵심 못잡네
298143,2021,3,인종/국적,"넌 니가 흑인인걸 정하고 태어날수 있음? 근데 소변은 그 제도의 문제점을 알고도 악용해서 꿀빨려고 ""선택""해서 들어온거잖아? 그럼 개개인들도 욕먹는건 감수해야지 제도 악용한걸로 욕먹긴 싫으시다?"
298151,2021,3,인종/국적,우리가 노력해서 얻은거 뺏어가는게 싫다는데 그게 인종차별이랑 같은거임? 누가 보면 노력해서 백인되고 노력해서 인종 싹 바꿀 수 있는 줄 알겠다 ㅎㅎ
298155,2021,3,성소수자,ㅋㅋㅋㅋㅋ 진짜 소변충 맞나보네
298259,2021,3,인종/국적,아니 이게 중요한거지 문자오면 끝난거냐 ㅋㅌㅋㅋ 만약 못들으셨다면 학교 행정 어이가 없네 학교가 한국어 못하는 외국인 차별하고있네
298263,2021,3,인종/국적,익5는 무슨 난민좌가 고용한 댓글 알바임? 알지도 모르면서 당연히 했겠지 ㅇㅈㄹ
298320,2021,3,지역,찐도 혐오발언이야 조심해줘!!
298343,2021,3,인종/국적,와우.. 넌 그럼 조센징이라는 말도 괜찮아? 본래뜻에는 인종차별적인 의미가 없거든
298350,2021,3,인종/국적,네 말대로라면 흑인 중 상당수가 과거 노예였던것도 팩트인데?
298351,2021,3,인종/국적,인종차별 당하는지도 모르고 눈 찢고 조센징이라고 불려도 그냥 ㅇㅇ나 눈 찢어졌고 조센징 맞아 하면서 살렴..
298352,2021,3,남성,한남 조센징좌
298354,2021,3,인종/국적,백인들도 코쟁이라고 불리면 발끈하고 그건 큰 코에 대한 열등감 때문이 아니라 그렇게 부르는 게 조롱의 의미를 포함하기 때문임. 익4 니가 인종차별 당하는 건 알 바 아닌데 명백한 인종차별을 잘못됐다고 사람들이 열등감 때문이라고? 누구의 의식이 열등한지 생각해보시길
298355,2021,3,인종/국적,우리나라도 동남아 인종차별 오지는데?
298356,2021,3,성소수자,그럼 아시안 혐오가 정당화 되니? 둘 다 하면 안되는거잖아 ㅋㅋㅋ
298358,2021,3,인종/국적,사람이란게 간사해서 당하면 약자한테 똑같이 할 수 밖에  인종차별 없애려면 서양인들이 먼저 그만해야함
298381,2021,3,인종/국적,"나는 한국까지 오셔서 연대 교수를 하는 분이 ""난민""같은 소리를 듣는게 훨씬 심하다고 생각하는데 어떻게 생각해?"
298401,2021,3,인종/국적,따봉 개많던데 난민좌 십인사네
298423,2021,3,인종/국적,애휴 애가 실수 좀 한거 가지고 뭘 그렇게 죽기 살기로 달려드냐 그지? 얼른 한국 떠서 인종차별 찍먹으로 한번 당해보길 바란다 ^^ 며칠 몇주 동안 부들부들 떨며 잠도 못잘거다
298471,2021,3,인종/국적,둘 다 인종혐오인건 맞잖아 ㅋㅋ
298474,2021,3,인종/국적,인종혐오 개가볍게 생각하네
298477,2021,3,인종/국적,고작 확실함? 해외 나갔는데 누가 나한테 난민 ㅇㅈㄹ하면 개속상할 것 같은데 심지어 학생이 교수한테 저렇게 말한건데 고작인거 맞냐? ㅋㅌㅋㅋ
298494,2021,3,인종/국적,솔직히 여기 쿨병도진 애들 중 학창 시절 놀림거리 외에 성인되서 ‘인종적’으로 차별받을 일은 죽을 때까지 없다.
298495,2021,3,인종/국적,외국에서 단순 여행 말고 몇 주 이상 생활하면서 인종차별을 한번 당해봐야 이게 얼마나 모욕적이고 기억에 각인되는지 깨닫는다.
298514,2021,3,인종/국적,인종차별이 미국에야 큰 이슈지 조선족 동남아 차별 대놓고 하는 한국인이 할 말이냐? 터질려면 진작에 터지던가 ㄹㅇ 선택적으로 터지네. 수업시간에 그딴 발언한건 선을 단단히 넘은게 맞지만 이 정도까진 아니야. 그냥 니들은 물어뜯을 대상이 필요했던거야
298515,2021,3,인종/국적,조선족 교수나 중국인 교수한테 짱깨란 소릴 수업중에 대놓고했어도 뉴스에 나올일이 아님?
298517,2021,3,인종/국적,동남아 조선족 차별 대놓고 하는 사람들 보면 못 배운 사람들이라고 생각하면서 넘기는 거 아님? 대학 교육 받은 주변인들 중에서 그런 발언 하는 거 한 번도 못 봄
298547,2021,3,인종/국적,"적당한 방법이 있어야 된다는거지. 목적이 좋다고 과정이 정의로울 수는 . 목걸이는 그렇게 이해하고, 과정에 대한 정답은 내가 딱잘라 말할수가 없어, 내가 평소에 생각하고 있는 방법은 여러가지가 있는데 다 단점이 많음. 딱 잘라 정답이란게 있었으면 미국이 이 고생을 하고 있을리가 없지 근데 내 말은 적어도 이건 아니라는 거야. 애초에 중국인, 조선족, 일본인(좀 애매하긴 한데 누군가는 일본인이라는 이유로 싫어하니까 포함함) 차별 겁나게 하는데 그건 괜찮다가 갑자기 이러는 이유는 뭐냐? 그냥 돌 잘 던지는 대결 된거 아니냐?"
298550,2021,3,인종/국적,"조선족, 일본인, 중국인에 대한 인식적인 차별이 만연하다고 해서 그걸 공식적인 자리에서 표출한 사례가 있음? 에타에서 그런 발언을 봤고 그 사람들은 공론화되지 않았기에 '갑자기 돌 던진다'고 표현하는거임? 인종이 섞이면 인식적인 차별이 존재할 수는 있지만 그게 공식적으로 표출되는 걸 막기위해 처벌을 하고 규제를 하는거임. 우리나라는 애초에 문화가 섞인지 얼마 되지 않고 그런 규제가 없기에 이번 사건이 에게 처벌없이 흐지부지 넘어간거지. 왜 이번 사건을 심각하게 생각하는 사람들을 단지 '돌 던지는 사람들'로 몰아가는지 모르겠음"
298557,2021,3,인종/국적,난 원래 인종차별 없다고 진짜 단언할 수 있음. 한국 사회에 만연한 조선족이나 중국인 차별도 반대하고 북한과의 적극적 통일도 찬성하는 사람인데 당연히 인종차별 같은거 없지.
298570,2021,3,남성,요즘 성대 분탕 진화해서 지들 올려치기보단 남 끌어내려서 맞추더라
298577,2021,3,기타 혐오,고졸이면 대학교 비판댓글도 못다냐? 학벌주의 쩌네ㅋㅋㅋ
298592,2021,3,기타 혐오,연세대 수준ㅉㅉ(서울대 의대)면 안 억울할거냐ㅋㅋㅋ 학벌이 뭔 상관이야
298621,2021,3,기타 혐오,???: 요즘 연대 ㅈ밥대학 다됐네
298624,2021,3,기타 혐오,???:SKY 의대 애들이 공부만 잘했지 인성은 ㅉㅉ
298633,2021,3,인종/국적,망신은 난민좌 본인이 시킨거지 뭘 ㅋㅋㅋ
298645,2021,3,종교,보통 많이 싸잡지 ... 코로나로 기독교인 욕많이먹었잖아.. 그사람들이 다그러겠냐...
298647,2021,3,인종/국적,우리 학교안에서 공론화하고 처벌했으면 몰라 저거 기사내면 사람들이 난민을 보겠냐 아니면 연대를 보겠냐...
298663,2021,3,기타 혐오,"감싸는거라기보다 굳이 언론에 제보해서 전국민의 손가락질을 받게 할 필요성을 못느끼겠음. 솔직히 우리나라 전체에 난민, 외국인노동자에 대한 차별과 혐오가 만연한데 이 사건이 알려짐으로써 그런 인식이 개선될 수 있다면 언론에 제보하는게 결과적으로 좋은 일이겠지만, 현실은 의대생 의사 sky 까고싶어서 안달난 대깨문들한테 떡밥 던져주는 꼴이고 연의를 포함해서 연대생 전체가 싸잡혀서 욕먹겠지. 아니 이미 먹고 있더라.. 학벌주의 어쩌구 하면서. 이런 상황에서 이걸 나서서 제보하는게 현명해보이진 않음"
298668,2021,3,인종/국적,"난민이냐라고 해서 줌에 있던 학생들 앞에서 어디 소속이고, 얼굴도 팔린 교수가 인격모독 당한 건??"
298702,2021,3,기타 혐오,대깨문 천적
298710,2021,3,인종/국적,난민좌 글에 송현이만 남기고 자기 실명은 내렸네ㅋㅋ
298782,2021,3,기타 혐오,조교하다보면 진짜 한심하기 짝이없는 수준이하의 질문들 엄청 들어오는데 윗댓들은 그 실태가 어느정도인지 몰라서 저런말 하나보다.... 본문 예시는 새발의 피임
298817,2021,3,종교,일종의 교리같은거임 ㅇㅇ 이교도는 쳐죽여도 된다는 그런 식의 교리 있잖아
298823,2021,3,여성/가족,'김치녀' '된장녀' 아니면 '원정녀' 같은 대상을 두고 왜 그들은 김치녀가 되어가는가 해외로 몸을 팔러 다니는가 같은 설명논문을 쓴다고 하면 그게 학문적으로 가치가 있다는 말인가?
298888,2021,3,인종/국적,여기 진짜 짱맛있고 개배부름?
298910,2021,3,지역,그짝당이면 스카이도 죽어 ㅋㅋ
298911,2021,3,기타 혐오,의사 처맞기전에 제일많이 뚜드려 맞던게 스카이였던건 잊었음?
298918,2021,3,인종/국적,조선인을 고통으로부터 해방시키자
298921,2021,3,기타 혐오,이렇게 뻔히 보이는데 지적하면 그건 의대생들 자의식 과잉이고 선민의식임 ㅋㅋㅋㅋㅋ 그냥 싫어서 까는 억까들도 있다는 건 인정좀 하자
298947,2021,3,연령,그리고 내 말투에 꼰대스러움이 가득했던 점 인정한다.
298948,2021,3,기타 혐오,이게 의대생 징징거림이야?
298952,2021,3,종교,원래 그렇게 생각 안하던 사람도 의까에 무논리 감성충 에타에서 2~3년 구경하다보면 진짜 타과는 병신천지인가하는 생각이 안들수가 21/03/24 03:38
299090,2021,3,기타 혐오,로스쿨생 종특인가 ㅋㅋㅋㅋ 나도 이런 거 보면 옛날엔 가만히 있었는데 이젠 아님 문제가 있었다면 문제 있었던 사람만 따로 호출시켜야지 전체 집합은 말이 안되는 듯
299130,2021,3,기타 혐오,그 반대임ㅋㅋ 뭐만하면 의사의사 노래하는 애들 의사+앵무새
299143,2021,3,지역,3학년 방금 낼 7시까지 집합공지 내려옴 사유는 태도불량
299145,2021,3,지역,이브닝도 7시임?
299147,2021,3,지역,이브는 7시까지 웨벡스ㅋㅋ
299158,2021,3,기타 혐오,??? : 아 ^^ㅂ 추워 죽겠는데 뭔 연병장 집합이야 개빡치네 진짜
299181,2021,3,성소수자,똥군기 하는 놈 특 = 군대 안감
299194,2021,3,기타 혐오,이러니 간호사를 누가 전문직이라 생각하냐 ㅋㅋ 지들이나 그렇게 부르지. 은행에서도 전문직취급안하고 일반시민들한테 물어봐도 아니라하고.
299195,2021,3,기타 혐오,특히나 누구보다도 간호사집단을 욕하는게 간호사들이니 리스펙이 생기겠나싶음.
299211,2021,3,기타 혐오,간호사 인식이 안좋은건 이런 미개한 군기문화 태움문화도 큰것같음.. 무슨 집합이야 집합은.. 간호사들 스스로가 자기집단이 미개하다고 이야기하고있는데 밖에서보는 사람들이 전문직이라는 인식이 생기겠음? 왠 단체집합이야
299214,2021,3,기타 혐오,나도 동의함 전문직 대접받고 싶으면 교수들부터 문화 바꾸라고해
299216,2021,3,성소수자,교수님 조교님 불쌍해.... 이런일 한번도 없었고 매번 잘해주시다가 개인정보 보호 공지 때리고 교육한다고 30분 일찍 집합했다가 똥군기 취급 당하고...ㅠㅜㅠ 진짜 잘못한거일수도 있는데 아직 이유도 제대로 모르면서 쓸데없는 복장때문이냐 다들 뇌피셜로 댓글쓰고... 오해는 쌓여가고.. 똥군기인식 박히고ㅠ
299225,2021,3,기타 혐오,나중에 자정작용 못했다고 연대 싸잡아서 욕먹어도 그간 고학력자들의 업보 생각하면서 각자 조용히 반성하길... 설마 의대생이 더 높은 수준이라서 연대생은 반성 안 할거 아니지?
299260,2021,3,기타 혐오,결국 일부 의대생들 자의식 과잉 때문에 다른 의대생들까지 싸잡아서 욕먹은거니까 담부터는 그냥 제발 가만히 있자ㅋㅋㅋㅋ걔를 두둔하니까 자꾸 우리까지 싸잡아서 까이는거 아니냐 제발 좀 우월의식 버려라 아직 의대생이면서 다들 뭔
299265,2021,3,기타 혐오,익32아 당연히 평소엔 티안내지ㅋㅋㅋ나도 동기 중에 그런애들 없어 근데 에타에 상주하면서 키보드 배틀 뜨는 사람들 보면 우월의식 드러내는 사람들 많아ㅋㅋㅋㅋ당장 핫게 게시물 몇개만 봐도 그럼 걔네가 진짜 의대생인지 아님 너처럼 의대생인척 하는진 모르겠지만^^
299347,2021,3,여성/가족,누군지 모르니까 충격적일 뿐 저 교수 명색이 교수지만 꼴페미임...
299348,2021,3,남성,저사람 그 한남유충 논문 쓴 교수
299350,2021,3,남성,내 어린시절을 유충 관음충 새끼취급하고 나를 한남충 관음충으로 생각하는 사람한테 예의차릴 이유가있나? 뭐가충격적인거야 갑자기 발작버튼 눌리게하네
299356,2021,3,여성/가족,저 꼴페미 교수는 타대학이라고 무시할일이 아닌데?
299357,2021,3,남성,보이루라는 인사를 한남들의 인사라고 몰아가고 논문에 한남이라는 단어를 당연시 사용하는 교순데 당연히 비난당해도 싸지않나?
299362,2021,3,여성/가족,꼴페미 vs 일베촉법소년 세계관 최강의 대결 ㄷㄷ
299386,2021,3,남성,윤지선이 먼저 한남유충이라 했다ㅋㅋ
299393,2021,3,여성/가족,ㅋㅋ 님 대한민국에서 정당하게 절차 거쳐서 대응하면 손해보는 거 모름? 페미들처럼 떼쓰고 난리쳐야 바뀌는 건데 뭘 모르시네
299437,2021,3,기타 혐오,개개인이 잘해도 욕먹잖아 ㅋㅋㅋ 여기서 상처 안받는 사람이 있나. 학년 올라갈수록 ㅈㄴ 힘들어서 의대 괜히 왔다 싶은데 평상시에 의대 힘들다는 글에도 와서 의징징~ 이러면서 지들이 의무새짓 했으면서. 열등감이라는 글도 그런애들이 썼을거같은데 또 다른 애들은 의대생 자의식 과잉이라고 욕하는거 존나 답답함.
299440,2021,3,기타 혐오,억지 빡빡 쓰네 어휴 니가 의대생 아니고 의무새짓 안했으면 그냥 지나가면 되잖아 ㅋㅋㅋ
299442,2021,3,기타 혐오,핫게에 보이면 무조건 들어와서 말도 안되는 댓글 달게됨? 지금까지 에타에 판치던 의무새들이 의대생일거라고?
299446,2021,3,기타 혐오,뭔 하방 월천이야 진짜.. 월천이면 감사히 일한다 ㄹㅇ 병원 실습만 나가봐도 의대 좋다는거 다 개소리임
299447,2021,3,기타 혐오,평소에 아무 생각없이 의대생 까고 싶어했던 사람이 대체 누군데ㅋㅋㅋㅋㅋㅋㅋㅋㅋ
299456,2021,3,연령,갓대생들 업보아님? ㅋㅋ
299460,2021,3,인종/국적,누가 느그들을 집단적으로 죽이려 한다는거 자체가 자의식과잉임ㅋㅋ 난민마냥 되도안되는 개잡소리 흘러나오는거 아니면 관심도 없어요
299464,2021,3,기타 혐오,개돼지 고졸새끼들이 갓사 까는데 욕해야지 ㅋㅋㅋ
299465,2021,3,기타 혐오,근데 진짜 누가 의대생을 까려고 함 ㅋㅋㅋㅋㅋ
299469,2021,3,기타 혐오,꼭 그런애들이 의대 열등감 있던 애들ㅋㅋㅋㅋㅋㅋ
299531,2021,3,기타 혐오,진짜 이해력이 얼마나 딸리는거냐 아님 듣고싶은 말만 듣는거냐 그래 의대생 다 모순적이고 비윤리적이야 됐니..?
299536,2021,3,기타 혐오,의대생이라 욕한다는 사람들이 자의식 과잉된 의대생일 가능성 다분하다고 봄ㅋㅋㅋㅋ
299542,2021,3,기타 혐오,'저런애도 의대갔다'가 열등감으로 해석되는구나 대박이닼ㅋㅋㅋㅋㅋㅋㅋ 연대보다 훨씬 입결낮은 지방교대다니는애가 그랬어도 나는 똑같은말 했을거야 그럼 이것도 열등감이야??
299593,2021,3,기타 혐오,"학교를 너무 사랑하지만, 이기적인 새끼들이 학교에 진짜 너무 많아요."
299646,2021,3,남성,개추좀눌러볼까?
299718,2021,3,지역,진짜 ㅈ같은 동네였네
299893,2021,3,여성/가족,흠...참신한 접근이네 사실 인싸세계 보다 더 위계질서가 철저한 곳이 아싸세계니까...오히려 아싸세계에선 인싸들이 장난이라도 쳐주면 보다 높은 계급으로 인정받기도 하지 불가촉천민급은 아니니까
299932,2021,3,인종/국적,누구보다 인종차별에 예민하면서 누구보다 차별적 표현에 거리낌없으신 분들ㄷㄷ
300003,2021,3,연령,애초에 나이쳐먹고 거기 상주하는것부터가
300015,2021,3,남성,ㅋㅋㅋㅋㅋㅋㅋㅋㅋ 개추를 벅벅
300027,2021,3,남성,그냥 개추를 벅벅 누르는중ㅋㅋ
300178,2021,3,여성/가족,새끼 낳으면 바로 고대생 하자 ㅠㅠㅠㅠㅠ
300353,2021,3,여성/가족,"애초에 합리적인 접근 자체가 아니라 지 하고 싶은 혐오발언을 되도 않는 현학적 수사들로 포장해서 낸 게 그 논문이고 그걸 통과시켜준 학회 수준부터가 최소한 여성학계라는 곳의 분별력, 학문적 사명감이"
300356,2021,3,여성/가족,없다는 건데 뭔 학문적 가치임 ㅋㅋㅋ 한국 여성학계는 학문이라고 부를만한 역량도 지능도 갖추어야 할 자세도 없는 게 드러난 거 아님?
300362,2021,3,성소수자,"고맙고맙ㅋㅋ 나도 1~2학년 때 퀴어, 여성운동 관심 많았고 꽤 적극적으로 참여했었는데, 운동이전에 학문적인 근거와 명분을 찾자는 주장에 내가 남자라서 그런 신세 좋은 소리 할 수 있는 거란 말 듣고 그때 마음 상해서 지금은 거리두고 지켜만보는데, 진짜 소수자의 권리를 위해 노력한다기보단 소수자라는 명분으로 이권 챙기려는 권모술수에 안타까움이 커 ㅠㅠ"
300380,2021,3,남성,"@익17 위에서 내 의견에 대해서는 언급했지만, 영유아들은 기울어진 운동장의 또 다른 피해자라고 나 역시 생각하고, 그러한 피해자들을 대상으로 적절한 표현인가에 대해서는 나도 회의적인 입장이야. 다만 논문 저자의 학자적인 양심과 학문에 대한 태도를 신뢰한다는거야. 학자적인 양심과 학문에 대한 태도를 신뢰하였기에 보겸이 제기한 의견에 대하여 일관된 무책임한 태도를 보이는 것에 큰 실망을 한 것이고. 논문을 읽어보면 알겠지만 논문의 저자는 너와 내 생각과는 다르게 영유아들을 피해자라고 규정하기보단 잠재적 가해자로 규정하는 스텐스를 취하고 있어. 그러한 스텐스와 한남유충이란 표현은 논리적 일관성을 갖고 있다고 볼 수 있고."
300382,2021,3,연령,경제성을 왜 논하는지 모르겠다는거 자체가 코미디임. 애초에 포스트모더니즘식으로 이말도 맞고 저말도 맞아는 다분히 이상론적일뿐 현실적으론 생산성 . 니말도 맞고 내말도 맞으면 동네 틀딱할배가 펼치는 치매소리도 차별없이 동등하게 학문적인 가치를 가져야됨ㅋㅋ 근데 현실적으로 그게 되냐고ㅋ 결국엔 그래서 유효하게 작용하는 기준이 경제성이 되는 거고. 이것도 맞고 저것도 맞으면 가장 도움되는 걸 하는게 현실적이겠지. 애초에 포스트모더니즘 중 상당부분이 걍 남돈 타서 연구하는 사람들의 안일한 상대주의로밖에 안 보임 그런면에서..
300385,2021,3,인종/국적,"너무 포스트모더니즘에 매몰된 주장 같은데.. 철학자든 사회학자든 발은 땅에 붙어있고, 선은 어디에나 존재한다고 생각함. 돈미새충의 발생학: 유대경제성의 불완전변태과정. 하일히틀러. 이거랑 뭐가 달라"
300393,2021,3,남성,포스트 모더니즘이라고해서 그 뿌리도 명확하지 않고 아무말이나 할수있는게 아니라는거같은데? 그동안 한남을 충으로 비유하기까지 어떤 학문적인 과정도 없었고 단지 개인의 주장만 있을뿐이니까. 그리고 뒤에 히틀러이야기는 학문이라는 껍데기를 한 페미나치 선전도구라는 말이지뭐
300395,2021,3,여성/가족,그냥 소위 여성사회학이니 뭐니 하는 것들 자체가 학문이 아님 자신의 필요 이전에 그럴 권리가 있는 지 생각해봐야는데 그러지도 못함 ㅋㅋ 합리적 사고가 아니라 자신의 욕구를 정당화할 현학적인 말들만 쏟아내는 게 여성학 아닌가?
300402,2021,3,남성,한참 보이루~ 표이루~ 유행하다가 ㅂㅈ+하이루라고 억까당해서 일반인들도 못쓰게되고 보겸이미지 반이상은 아마 이거때문에 조져졌지.. 애초에 몇년동안 보겸 하나붙잡고 여성혐오 한남충으로 물어뜯어서 이미지조지고 혼자남겨놓고 평소에 이미지가 안좋았다? 에라이ㅋㅋㅋ
300418,2021,3,여성/가족,저게 페미의 실체임
300425,2021,3,여성/가족,이거 이후로 난 걍 ‘페미니즘’ 이제 더 이상 존중 절대 안하기로 맘먹음
300431,2021,3,여성/가족,그게 페미의 숙명..
300432,2021,3,여성/가족,페미니즘이 사회적 이슈로 부상한 이후로 계속해서 실질적 피해를 당하는 사람들이 나오는데 내일은 그게 내가 되지 않을거란 보장이 있을까? 넌 n번방 사건 터졌을때도 신경 끄고 살면 되지 않나 하고 반응 했음?
300450,2021,3,여성/가족,페미한테 뭘 바래
300612,2021,3,여성/가족,ㄹㅇ 페미들이 원하면 다 해주는 세상 좆같다
300684,2021,3,인종/국적,애초에 외국인들 돈 빨아먹을라고 만든 학부를 저점수 맞고 간다는건 참ㅋㅋ 웃음만 나오네 세계 3차대전 일어난다는 울아빠 안목이 더 정확할듯
300685,2021,3,인종/국적,외국인들 돈빨아먹으려고 만들었다는건 니 뇌피셜이고. 그렇게 치면 학비 제일싼 문과대 사과대가 제일 혜자니까 제일 좋은단과대네
300696,2021,3,남성,"???: ""에이 냄져가 쪼잔하게..."""
300702,2021,3,여성/가족,남자화장실에 대변기+소변기수가 여자화장실 변기보다 많다고 있는걸 철거하는 나라에서 뭘바람 ㅋㅋㅋㅋ
300709,2021,3,여성/가족,페미 모순..
300714,2021,3,여성/가족,원래 페미들 자칭 스윗양남식 여혐당하는 거 좋아함
300718,2021,3,여성/가족,계집년이랜다...ㅋㅋㅋㅋ 여자들은 너같이 말하는 사람 혐오하니까 걱정 ㄴㄴ
300729,2021,3,성소수자,서성한 진짜..개한심해....
300839,2021,3,지역,쟤 걍 원주출신 소변생인듯
300862,2021,3,기타 혐오,몇년전 수능성적/고등내신으로 남 깎아내리고 스스로 잘났다 자위하는 사람들은 자기가 연대까지 와서 내세울 게 ㅈ도 없어서임. 도 그거 알잖어 기운내고 그런 소수의 찐따들 말에 휘둘리지 마
301020,2021,3,인종/국적,아오 눈깔 자동완성으로 조센징으로 읽었네
301426,2021,3,여성/가족,연애로 극단 여성우월주의 혼내주자!
301443,2021,3,여성/가족,너가 좀 늦게나왔어야했는뎈ㅋㅋ 페미들 ㅈㄹ다하고 응 느그식 논리야 했어야 사이단뎈ㅋㅋ
301446,2021,3,여성/가족,페미니즘 -> 여성우월주의 페미니즘 한남 -> 한녀 남성 -> 여성 (vice versa) 이것만 바꿨는데 효과 엄청나네요
301447,2021,3,남성,???: 한남은 사회적 강자니까 이런글 쓰면 안됨
301451,2021,3,남성,이제 한남은 혐오발언취급도 아니네 ㅋㅋㅋㅋㅋ
301457,2021,3,여성/가족,미러링인걸 모르고 읽었을때는 악에 받친 모쏠아다 야갤러 보는 것처럼 드러우면서도 안쓰러웠는데 페미니스트들도 그런 존재일까..? 물론 후반부에선 저지능과 땡깡의 색채가 두드러지긴함
301461,2021,3,남성,근데 한남한녀 단어를 현실에서 쓰는 사람이 있나...?
301470,2021,3,여성/가족,40대-60대 기득권층에서 여성의 유리천장은 아주 하고 여성에 대한 구직시장의 어드벤티지도 필요성을 인정하지만 지금수준은 과도함
301492,2021,3,여성/가족,"그리고 페미니스트들은 알아야되는게, 정치질에 당하고있는 부분도 있음.. 페미니즘은 속칭 좌파에 의해 과부화된 경향이 있음. 여성 표 얻으려고...성찰없이 그걸 따라가는건 멍청한짓임. 뭐가 옳고 그른지 성찰해"
301494,2021,3,인종/국적,"일단 첫째로 흑인 인권운동을 하는게 잘못은 아니지만, 흑인 인권운동을 한다고해서 몰윤리적인 행동까지 정당화되진 않음(ㅈㄱ해~ 이런거) 2. 흑인 인권운동이랑 정도의 차이가 있음. 흑인인권은 전 연령에 걸친거지만 여성인권은 40대 이상은 문제가 심하자고 30대 초반 아래로는 많이 개선됐다는걸 알아야함(얼마 안되긴 함) 이정도로 치우쳐질 필요는 21/03/20 13:41"
301496,2021,3,인종/국적,흑인인권운동한다고 백인소상공인 가게 불태우고 판데믹와중에 흑인인권집회'만' 허용해주고 높은 범죄율에 신경안쓰는건 잘못된거지 ㅋㅋ 그런짓해놓고 '흑인인권운동이니까 반대하는 사람들 다 뻐킹 레이시스트임' '왜그러는진 알겠는데 취지는 좋은 운동이니까 이해좀 ㅎㅎ' 하는게 말이 된다고생각함?
301498,2021,3,인종/국적,"익3아 흑인인권운동으로 LA 폭동 때 총기로 죽은 한인들은 뭔죄임, 그리고 흑인인권운동한다면서 황인 무시는 왜하는거, 취지가 좋으면 옐로우몽키는 당해도 좋은거임?"
301499,2021,3,인종/국적,익3: 흑인인권운동으로 백인에게 다소 피해가 생겼다고 흑인인권운동이 잘못된건 아니지 않니?
301503,2021,3,여성/가족,이런 페미니즘을 극대화시키는게 이대성신여대숙대 이런 대여초집단인 것 같음
301505,2021,3,여성/가족,사실 여대 폐지해야되는 1순위가 이거임 ㅋㅋㅋ 그냥 반사회세력 양성소됨
301510,2021,3,여성/가족,애초에 요새 20대 남자들은 다 성평등 교육받고 성평등 담론에 익숙한 사람들이야. 성 불평등은 40대 이상 50대 이상에 해당된 경우고 요새는 오히려 남성이 차별받는 경우가 많은데 차별비용이니 이상한 용어 만들어가면서 20대 남성응 핍박하는거지
301517,2021,3,여성/가족,가만히 있어도 여성에게 이득되니까 자정작용을 안하는거라고 생각함. 결국 어떻게해서든 페미니즘으로 이득보잖음. 이게 되는데 누가 포기를할까 ㄹㅇㅋㅋ
301520,2021,3,여성/가족,페미니즘에서 남자만 군대에 가는것을 해결할 생각이 없으면 절대로 남자들에게 을 얻을수가. 20대 남자와 20대 여자가 서로 자기들이 피해자라고 주장하는데 대가 형성될리가 없지
301523,2021,3,남성,"남자들은 페미니즘에 많이 동감했어~ 지금도 많이 동감하고. 다만 20대-30대초반 남성은 그 피해가 심해가지고 지금 페미니즘의 ㅍ만 나와도 싫다고 하는거고. 뭣보다 그건 정의의 문제를 떠나서 지금 ㅈㄱ해~ 한남유충논문 이런게 나오는데, 그게 일베나 다를게 뭐가있어.. 그리고 그런걸 옹호하는거도 일베옹호자나 다름없다고 느끼찌"
301527,2021,3,여성/가족,"그래 그런 개인이 있을 수 있지~ 근데 집단 정체성은 결국 공격적인 페미니즘이 형성됐잖아. 그게 담론의 주요 행위자 아냐? 같이 함께 하고 나아가자 하는데, 남자들은 페미니즘의 알맹이에 을 한 적이 있지만 페미니즘은 남자들의 어려움에 을 한 적이 없어~ 과거에나 가부장제의 남성에 대한 굴레에 대해 논의를 했지 그 후에 카르텔화되면서 무조건적인 남성배척,혐오와 여성중심주의를 키워나갔고, 내가 주요 비판하는 점은 그 과정속에 자정작용을 통해 그게 해소되지 않은거고."
301538,2021,3,여성/가족,"남자들은 페미니즘의 사상적 지향점에 반대하지않아~ '여성 인권 향상'은 옹호하지. 근데 지금의 한국 페미니즘을 싫어하는거야. 정의로운 세상을 만든다? 당장 취직 어려워지고 누군가가 2년 군대에서 썩고왔는데라고 말하면? 그런 고생을 바보짓을 만들어버리는데 누가 사상에 관심을 기울여~ 그렇다면 건강한 논의를 위해 페미니즘 진영에서 남자들의 고충을 고려를 하나? 그게 아니란게 제일 큰 문제지~자기들 할말만 하는데, 그게 5년이 넘어가는데 어떡해"
301540,2021,3,여성/가족,그래 ㅋㅋ 그렇게 협력을 옹호하는 사람이 있으면 가서 주류를 이끌고 있는 사람들하고 가서 싸우면서 자정작용을 하라고 너네 페미니즘이 잘못됐다~ 자꾸 혐오와 갈등을 불러들이는 이들이 주류가 되니까 남자들은 페미니즘의 ㅍ자만 들어도 화들짝 하는거 아니야~
301556,2021,3,여성/가족,"페미니즘은 검찰개혁 같은 거임. 해야되기는 하는데 이상한 놈들이 등장해서 레토릭으로 지 편한대로만 써먹어 버려서 퇴보하는 중임. 사실 페미니즘이랑 검찰개혁을 우려먹는 세력이 비슷한 놈들이기는 함 ㅋㅋㅋㅋ 페미니즘의 대모 격이라는 남윤인순이 '피해호소인'이라는 단어 만들어낸 것만 봐도 너무 뻔한 거라서 ㅋㅋㅋ 누가 여성 인권을 보호하고자 하면 뭐라고 하나 ㅋㅋㅋ 근데 그걸 이용해서 해먹는 사람들이 있고, 나랏돈을 타내고 정권 창출 목적으로 이용하고, 전위대를 구성해서 남성들을 되려 억압하니깐 문제가 생기는거지"
301557,2021,3,여성/가족,"그 짓거리를 하는 걸 20대 여성들이 방관하고 심지어는 지지함으로써, 페미니즘의 본래적 목적이 무엇이었든 간에 페미니즘에 대한 이미지가 안 좋아 질 수 밖에 없도록 만들었음. 결국 그 이미지는 여성들이 만든거임."
301559,2021,3,여성/가족,"내가 하고 싶은 말을 딱 논리적으로 써놔서 딱히 덧붙일 말이 없다. 본인도 여자라 기존 페미니즘(극단적 말고 원래 좋은 취지. 남여평등)에 동의했었는데, 솔직히 지금 한국의 페미니즘은 남여평등이 아닌 여성주의(여성우월주의라고도 말할 수 있겠다)라 너무 극단적이야. 여자들이 가장 억눌린 형태의 여성을 보는 건 자신과 가장 가까운 엄마라고 생각하는데, '우리 시대는 아니지만 이런 걸 보고 자란 지금 사람들도 나를 이렇게 만들면 어떡하지?'라는 두려움이 있어서 목소리를 내는 것이 가능한 지금 크게 내고 싶은 것 까지는 당연히 이해할 수 있어. 솔직히 아직도 알게 모르게 있는 차별들이 꽤 잔존하고 있다고 생각하고. 근데 어차피 여자들이 얻고자 하는 영역에는 반드시 남성과 연관이 되어있기 때문에, 그 주장을 펼치기 위해서는 남자들의 도 필요해. '여자가 아니니까 완벽하게 이해하지는 못하지만 그래도 이해는 간다. 같이 잘 살아보자(공존)' 정도의 은 필수불가결한데 '남자 꺼져 다 쓰레기야 우리가 최고다'(이정도는 아니겠지만 이해하기 쉽게 쓰려고 좀 세게 썼어) 이러고 있으니 당연히 을 못하지. 이미 여러가지 일로 페미니즘 자체에 대한 부정적 인식이 틀에 박혀버려서 더이상 제대로 된 권리를 어떻게 추구할 건지 예상이 안 간다. 정의 분류를 처음부터 확실히했으면 그나마 나았을 것 같은데.."
301567,2021,3,성소수자,"일리있음. 난 그거 + 정치적인 의도로 갈등을 심화 -> 여성 지지율을 얻으려는 세력과, 남성혐오를 통해 레즈비언 증가를 꿰하는 레즈비언 세력이 있다고 누가 글 쓴걸 봤는데 설득력있다고 봤어. 후자는 누가 워마드,메갈리아 출신인데 거기 레즈비언이 많았고 남혐을 조장해서 여자가 남자보단 여자를 더 좋아하게 만들자..? 이런 얘길 하더라고"
301568,2021,3,성소수자,맞네 정치적 의도도 당연히 들어갔겠구나;;;; 내가 너무 짧게 봤다 고마워 ..님?(뭐라고 불러야 하는거지 에타에 댓글 단 게 너무 오랜만이라 모르겠다)이 본 그 글의 모든 논거를 다 본 건 아니지만 그 글이 대충 무슨 말을 하고 싶었는지 알겠다 근데 레즈비언 얘기는 충격적이네.. 솔직히 분위기가 페미 등장 전보다 더 그렇게 된 게 느껴지기는 해 '이럴 바엔 그냥 여자를 사귀겠어' 싶은 의견들이 점점 많이 나오더라고(여자가 여자를 좋아하는 게 나쁘다는 뜻이 아니라 이게 증가 추세를 보인다는 말이었어! 오해 ㄴㄴ) 그 말이 정말 팩트라면 그 분들의 작전은 꽤 성공적이었다고 평가할 수 있겠다 목적이 뭐든 간에 그 수단에 혐오는 있어선 안 된다는 주의라.. 아이고 평화로운 대한민국이 되었으면 좋겠다 너무 많이 싸워서 피곤해ㅠㅠ
301569,2021,3,성소수자,나도 페미니즘의 기저에 레즈비언이 있다는 분석 본적있음.
301588,2021,3,여성/가족,페미니즘은 그렇게 무자르듯 가를수가 .. 친구있는 20대 여자면 어느정도 스며들어있기때문임 ㅋ
301591,2021,3,여성/가족,"자정작용 얘기할 거면.. 남자들의 소라넷, 일베, n번방, 단톡방사건들... 다 자정작용을 노력해서 한 건가? 애초에 어떤 집단에서 자정작용을 한다는 게 거의 불가능한 수준임. 자정작용을 하려고 노력해도 잘 보이지도 않는 게 현실이고. 많은 tirf들이 변희수하사 사건에 분노하고, 숙명여대 트젠 사건을 비판해도 눈에 보이는 건 낄낄대는 자칭 페미들이잖아.. 지금까지도 n번방 비슷한 사건이 일어나고 몰카는 계속되고 남자들단톡방에서 여자 성적인 거로 낄낄대는 경우가 있는 것처럼, 어쩔 수 없는 거임."
301595,2021,3,여성/가족,그런 논리로라면 여성도 잠재적 성범죄자로밖에 안보임...여초카페에서 남자친구 성기보고 조리돌림하며 낄낄거리고...여선생님들은 돈으로 고등학생 성폭행하구..에휴....
301596,2021,3,여성/가족,그래서 일베 소라넷 n번방하는 쓰레기들이 그렇게 당당하게 자기는 일베충이다 성범죄자다라고 말하고다닐 수 있는 사회가 아니잖음 반면에 자칭 페미니스트들은 그게 자랑인거마냥 떠들고다니고
301597,2021,3,여성/가족,너무 편한 쪽으로만 생각하는 논리 아니냐..? 소라넷 일베 엔번방 회원규모가 대체 얼만데ㅋㅋㅋㅋㅋ 그 몇십만 남성들은 그렇게 쉽게 언제 윤리이탈자로 생각하고 손쉽게 분리하면서 왜 페미니즘진영에 있는 훨씬 많은 여성들은 극단적인 목소리 몇개가 전부라고 페미니즘 지지하는 여성들을 치부해버리는건데? 그리고 궁금한게 그렇게 극단적인 사람들이 사람을 죽였나..? 조롱이 기분 나쁜건 알지만 그들이 조롱하능 사람들도 결국 너네가 그렇게 손절한 남성들이라거 생각하면 기분 나쁠 이유 없지 않겠어? 익42가 말한대로 자정작용 자체가 힘든 것도 사실이지만 너가 표현하는 자정작용이 필요하다고 느끼는 여성들한테 들이대는 잣대와 비난의 온도만큼 남성들이 저지른 수많은 여성혐오범죄들에 분노한 적 있나 정말 묻고 싶다... 사람 죽고 차별 당하는거에 먼저 분노하는게 아니라 자정작용운운하면서 정작 그런 남성가해자들과 본인은 철저히 분리시키는게 얼마나책임감 없는 태도냐.. 페미니즘 진영에서도 나아갈 방법 당연히 모색하고 고민하는데 너 눈에 띄는게 인터넷에서 가볍게 활동하는 극단적인 사람들인 걸수도 있다고도 생각을 좀 해보면 좋겠다 진심으로 .. 그리고 그들을 욕할 에너지로 자정작용 이야기할거면 진심으로 너네가 그렇게 욕먹게 된 배경인 남성집단이 벌인 일들에 대해서 차라리 욕하고 그런 문화를 뿌리뽑으려 노력해서 그런 남성들과 손절하는데 너도 에너지를 더 써 보길 바라
301599,2021,3,여성/가족,"지금 남자들이 페미에 반감을 갖게 된 이유가 자정작용을 안해서라면, 여자들이 페미가 된 이유도 남자들이 자정작용을 안해서라고 볼 수 있겠네....ㅗㅜㅑ와 피싸개(-P-)를 달아대던 몇달전의 에타를 분명히 기억하는데......왜 일베 소라넷이랑 선긋기하면서 페미는 '여성우월주의자'로 한데 묶으려고 하냐 '온건' 페미가 넷상에 남자성희롱하는 저급한 단어를 밈화시켜서 유행을 불러일으킨게 있음? 막말로 한구멍두싸개라는 단어가 에타에서 만연하게 쓰인 적 있냐고......"
301601,2021,3,여성/가족,그런데 ㅗㅜㅑ 는 몰라도 피싸개는 도대체 뭐야... 내가 모르는 에타가 있었던 거니 진짜 소름끼치네
301602,2021,3,여성/가족,"자정작용 말하면 꼭 나오는 말 : 남자들은 자정작용 했나? // 했다고 볼 수 있음. 나는 단 한번도 방송에서 유명인, 혹은 학교에서 애들끼리 일베나 N번방 등을 옹호하는 남자를 본 적이 . 오히려 욕하면 욕했지. 근데 페미니즘은...? 유명인들이 나와서 메갈리아 옹호하고 그들의 용어를 트위터 등지에서 신나게 퍼뜨리고.. 무엇보다 그들이 페미니즘 진영이 그토록 좋아하는 박사님들인 경우가 많은데... 이게 진짜 자정 작용이 안된 모습 아닐까."
301603,2021,3,여성/가족,"명백히 잘못한 일들(남성 독립운동가 모욕 / 미러링이라면서 하는 여러 일들)이 있음에도 이를 부끄럽다 생각하거나 '일부' 라면서 쳐내기조차 하지 않으면서 페미니즘 진영에 중심에 있는 사람들이 이를 옹호하고, 많은 페미니스트들이  뒤에서 이를 지지하는 모습이야 말로 정말 자정 작용이 전혀 안된 모습이고 이런 모습 때문에 다들 페미니즘을 싫어한다고 생각해. 물론 그뿐만은 아니라 '평등'을 외치면서 역차별을 너무나도 당연시 하는 모습에도 실질적인 피해자인 20대 남성들이 분노하는 것이라 생각하고...."
301604,2021,3,여성/가족,근데 딴 건 몰라도 페미니즘은 사상이잖아 사상에 반대해서는 안 되는 이유가 있음? 공산주의에 반대한다고 뭐라 할 수 없듯이 그것도 마찬가지일텐데
301610,2021,3,남성,남성 인권이 내려치기 당하는 성재기라는 사람은 죽어서까지 이름으로 조롱하는게 페미니스트 아니야? 정말 페미니즘을 따뜻한 방과 고등학교 교실에서 소위 '공부'하고 너네끼리 열정을 가지고 토론을하면서 '남성 재기해라
301613,2021,3,인종/국적,흠..흑인인권운동에 비유하자면 성재기는 BLM에 분노한 나머지 의회로 진격하고 총 맞아 죽은 백인우월주의자를 보는 것 같음
301614,2021,3,여성/가족,그리고 밤길 무서워하는 걸 왜 그렇게 받아들이니. 내가 실제로 성폭행이나 살인 당할까 무서워서 안위를 걱정하는 거랑 페미니즘에 대한 혐오감이랑 같을 수가 없는데.
301629,2021,3,인종/국적,"트럼프 지지자 중에 백인우월주의자 비율이 높은건 맞아. 그거는 많은 통계자료가 입증하고있으니까. 그런데 그렇다고해서 국회에 난입한 사람들이 백인 우월주의자들이며 그사람들이 성재기와 같다는 생각은 어떻게 가능한거지? 그사람들이 단순히 BLM에 반대한다고해서 트럼프를 지지했을까? 정책적인 측면에서 트럼프랑 바이든은 이번 재정정책 관련해서 큰 이견을 보였고, 코로나 relief action측면에서도 대응하는 자세가 달랐을텐데? 이런거는 고려하지 않고 무조건 백인우월주의자라고 생각하는게 웃기다. 시위대중에서도 흑인, 아시아인, 코카서스"
301632,2021,3,성소수자,"정말 다양한 인종이 있을텐데, 그거를 또 일반화를해서 어떻게든 성재기를 몰상식한 사람으로 몰아붙이려는 너 생각이 역겨워"
301634,2021,3,여성/가족,"우리 소위 '여성인권' 세계 탑급일텐데? 여성이라는 이유만으로 징병 안되고, 밤길 진짜 안전하고, 성범죄 발생시 범죄에 대해 증언하기 쉽고, 여성의 일관된 진술만으로도 범죄가 성립되고^^ 여기서 뭘 더 바래? 뭐 20대 한국 남성에게 다 폭탄목걸이라도 달아놓을까?"
301642,2021,3,여성/가족,여성은 유리 바닥 깔고 살지 남자는 어우 ㅋㅋㅋㅋ
301644,2021,3,여성/가족,"익9야 여성의 유리천장 문제가 하루빨리 해결해야된다? 그래 그럴 수 있어. 근데 그거는 사회의 일부분만 보고 주장하는 편협된 시각이라 생각해. 논의가 계속 가로막히다니? 현재 대기업 이사진에도 여성 쿼터제가 실시될 예정인데? 논의는 전혀 가로막히지 않고있어. 다만 이제 유리천장만 깨졌으면 좋겠다고 주장하는 여성들 사이에서도 곧 분열이 일어날꺼야. 여성 중에서도 상대적으로 바닥에 있는 사람들은 계속 비판, 불만만 하게될꺼고, 그중에서도 사회의 이점을 누리고 싶은 사람들은 외면하게 되겠지. 사회는 여성이 상위계층 비중이 늘어나면서"
301645,2021,3,여성/가족,그럼 그걸 해결하기 위해 노력하면 되지 유리천장을 없애자는 등의 페미니스트의 주장을 왜 그렇게 조롱하는 지 모르겠네? 그렇게 양성 갈등적으로 보니까 진짜 필요한 해결책은 안 나오고 서로 싸우고만 있지..
301648,2021,3,여성/가족,"유리바닥도 똑같이 깨지면서 길거리에 내몰리는 사람도 늘어날꺼고. 펜스룰도 남성의 당연한 인권으로 보장받고 그 다음의 담론으로는 겨우 '신체적인 이유'따위로 남성이 힘을 쓰는일에 당연시 되여서는 안된다는 주장이 나오겠지. 그때는 여성은 탄광, 쓰레기 청소부에도 비중을 늘리면서 정확히 '능력'에 따라 가치를 인정받게 될거고, 그런 직군은 남성의 하위 층보다도 더 밑에 계층에 빠질거라 생각해. 페미니즘은 사상만이 아니라 그 구성원부터 정말 자기 성찰이 필요한 상태야."
301649,2021,3,여성/가족,"페미니즘 논의가 계속 되면 나올 수밖에 없는 얘기라고 생각함. 그리고 솔직히 탄광, 쓰레기 청소부를 뽑는 데에 신체적인 이유가 아니면 뭐가 있는지 궁금하기도 하다. 이건 여성들의 결정 때문 또는 정책적으로 정해졌기 때문보다는 사회의 효율성을 위한 자연적인 선택이라고 생각함 실제로 여성이 지원해도 뽑히진 않지 않을까..만약 진짜 그 일을 잘할 자신이 있는 여성이라면 지원할 수 있는 분위기를 만들어야지. 남성들이 그게 부당하다고 생각하면 그것도 바꿔야 한다고 생각하고 그게 페미니즘이 나아갈 방향이 맞음. 근데 내가 불안한 건 그렇게 논의가 가지치다 보면 해결을 기다리는 여성 문제가 해결되지 않아 버린다는 거야. 그래서 다른 문제를 들고 오는 남성들에 대해서 반감이 생기는 것 같다. 그게 뒤틀린 혐오로 표출돼서 한남 어쩌구 하는 거는 미친 짓이고 그게 페미니즘 논의를 망친다고 생각해."
301651,2021,3,성소수자,"왜? 탄광이나 쓰레기 청소부를 하는 사람들은 꼭 신체적인 이유로만 뽑히는거야? 그들의 인내심, 끊임없는 노력과 성실함은 여성에게는 동일한 수준을 기대할 수 없는거야? 아니면 혹시 단순히 직군이 불만이라서 안된다고 주장하는건가? 과연 이러한 '성실함'과 같은 정성적인 요소는 신체적인 요소와 100% 분리할 수 있는 요소인지 생각해봐. 여성 문제 해결은 혼자 할 수 없어. 같이 살아가는 남성 공동체와 함께 일구어 나아가야지. 다른 문제를 들고오지 않아도, 해당 논의 자체에서부터 남성을 깎아내리는 언행과 행동은 자정을 하지않으면"
301658,2021,3,여성/가족,"왜 탄광이나 쓰레기 청소부에 남성이 많은 것은 자연적인 효율성의 결과라고 생각하고, 다른 직군에서 극남초인 경우에는 자연적인 효율성이 아니라고 주장하는거야? 이런게 바로 유리천장만 불만이고 유리바닥이 함께 깨질것에는 준비가 하나도 안되어있다는거야. 분명 몇년후에는 소위 페미니스트들이 또 뭐라 주장할거야. 유리바닥 다시 만들어달라고. 대신 유리천장은 계속 열어달라고. 그리고 여성의 여성 피해자나 부상자를 대상으로 업무를 봐야할 인원이 필요했다면 현재 수준에서는 왜 안되는거지? 그 전에는 자연적인 효율적 선택의 결과가 아닌 근거있음?"
301680,2021,3,여성/가족,"이미 여성 쿼터제같은 제도따위 없어도 잘하는 여성들은 임원진하고, CEO되고, 성공적이었어. 그냥 능력이 부족한거를 승진의 기회를 못 얻었다고 치부하지좀 말아줘. 성공적인 여성들까지 피해주지마"
301693,2021,3,여성/가족,그니까 나무를 보지 말고 숲을 보라고. 페미니즘에 대한 무의미한 조롱도 그만하고..사람들이 왜 이렇게 미쳐날뛰는 지 모르겠다 에휴
301712,2021,3,여성/가족,이 대화가 대부분의 페미니스트의 모순을 보여준다고 생각한다. 논리적인 척하지만 막상 제대로 논리가 들어오면 제대로 반박하지 못하는..
301717,2021,3,여성/가족,"당연한거지. 그동안 의견이 얼마나 잘 반박되어왔고, 스스로 역효과를 내고 있다는거는 외면하고있으니까. 양성평등주의자는 페미니스트가 아닌 이퀄리즘이야. 그사람들을 흉자라고 그만 좀 프레임 지어줬으면 좋겠어. 정말로 페미니스트들이 인권에 관심있다면 https://everytime.kr/370438/v/177398368 이런 글에도 관심 좀 가지고 의견좀 내줘라 제발. 계속 페미니즘은 좋은거니까! 라는 의견만 되새김질 하지 말고."
301725,2021,3,여성/가족,이것봐. 대체 페미니즘이 양성평등주의라고 주장하던 사람은 다 어디갔지? 정말 여성주의가 아니라 양성평등주의라 생각하는건가? 왜 남성은 차별받는게 당연하지만 여성은 차별받으면 안되는거지? 지금까지 이어져온 생활에서 여성이 겪고있는 문제만 해결해야하고 남성의 문제는 해결하지 않아도되거나 여성이 나서지 않고 사회가 해결해야할 문제라고 치부해버리는건가? 이런 무책임한 주장을 왜 남성이 들어줘야하는거지?
301729,2021,3,여성/가족,정말 양성평등주의자가 이렇게 적다는게 안쓰럽고 마음이 아프다. 제발 몇 없는 양성평등주의자들이라도 흉자라고 욕이나 하지 말아줘라 페미니스트애들아
301741,2021,3,여성/가족,그냥 여성우월주의에만 빠진거면 굳이 긍정적으로 받아질거라고 기대 좀 하지 말아줘 제발
301749,2021,3,남성,"남성이 겪는 차별도 이해를하지 않고 비하하거나 알면서도 방관하고 있는 모습들을 단순히 페미니스트 중에서도 여러가지 의견 중 하나일 뿐이다~ 이러면서 정당한 비판을 피할 수는 없어. 이미 한국 페미니즘의 초기부터 남성에 대한 내려치기가 주된 내용이 될거라는 예상이 많았고, 뭐 아시다시피 요즘 들리는 한남유충, 한남충, 군인 비하 발언... 이런거는 현재 한국 페미니스트의 현주소야. 만약 이러한 비판을 피하고싶다면 페미니스트가 아닌 양성평등주의자라고 자신있게 발언하는 모습이 현명하리라고 생각해."
301751,2021,3,인종/국적,"BLM도 좋은 예시야. 과연 Black Lives Matter는 어떤 결과로 이어지고 있을까? 흑인의 아시아인 차별. 죄없는 백인 owned 상점 파괴. 게다가 같은 흑인의 상권조차 파괴해서 길거리에 내몰리게되고있어. 분명 시작은 좋았으나, 지속적인 자기 성찰이 부족하고 나아가는 방향성의 시야를 확보하지 못한체 달려간다면 자기 파괴적인 결과로밖에 이어지지 못할거야. 그리고 한국 페미니즘도 별 다를것이 없어보이고."
301753,2021,3,여성/가족,"이제 펜스룰은 당연하게 될거야. 나부터도 페미니스트가 아니라고하는 여자애들하고만 어울리는게 편하고, 사고방식이 양성평등주의자라는 애들이랑만 일하고 친해지고싶어. 내가 여성이 안전한 사회를 만들어주고 싶은것에는 동의하지만, 페미니스트들의 의견은 소통이 불가능하며 오히려 배척의 대상이 될거라고 생각해"
301755,2021,3,여성/가족,"페미니스트 = 성평등주의라고 생각하는 친구들아. https://everytime.kr/370438/v/177398368 어제 올라왔던 글이야. 왜 여기에는 페미니스트 의견이 하나도 안달리는거야? 이런 의견이 올라올때만 피곤하고, 너의 의견을 강렬히 피력할 수 있는 공간에만 열정이 넘치는 건지 아닌지 의문도 들어서 나까지 부끄러워. 소통을 중시하지만 너희들 의견에만 을 원하고, 상대방과 평등해져야한다고 주장하지만, 정작 상대방이 겪고있는 차별에 대한 이해는 하기 싫고 조롱하거나 이해하더래도 피하고싶은게 페미니스트야."
301756,2021,3,남성,"첫 댓글만 보고 답글을 달았어서 지우고 다시 써. 좋은 댓글 고마워 하는 부분도 정말 많고. 페미니즘은 성역화될 이유도 없고, 또 양 성이 각각의 고정관념을 가지고 있다는 점도 정말 동의해. BLM에 대한 성찰의 부족에 대해서도 마찬가지로 하는 바야. 사실 나도 한남충, 유충을 비롯한 비하발언이 페미니즘이라는 사상을 명목으로 또다른 혐오를 낳는 거라고밖에 안 보여서 굉장히 거북하고 거슬려. 변질되지 않게 하기 위해서는 끝없이 성찰하고 옳은 방향으로 나아가려 노력해야겠지. 댓글 보고 생각해볼 점이 많네. 좋은 댓글 고마워!"
301761,2021,3,여성/가족,"소위 “페미”집단 내에서는 쓴이의 의견을 뷔페미니즘 혹은 오빠들이 허용한 페미니즘이라고 취급하던데, 쓴이는 어떻게 생각하는지 궁금해"
301763,2021,3,여성/가족,후자는 들어봤는데 뷔페미니즘은 처음 들어봐. 페미니스트들의 시각 중 좋은 건 고르고 싫은 건 거르는 뭐 그런 건가?
301766,2021,3,여성/가족,"뷔페미즘은 페미니즘이 양성평등이 아니라는 것을 비꼴때 쓰는 단어야. 세계에 있는 모든 인권의 평등이 아닌, 일부만 입맛에 맞는거만 골라서 (뷔페처럼) 인권 신장을 주장하고 있다는거지. 뭐...비꼬는 용어 자체에는 동의하지 않지만 함축하고있는 의미는 남성과 여성간 인권 평등을 주장하는데, 사실 남성 중에서도 소위 '인권'이라는게 많이 갈리는게 현실이야. 전체 인구를 보면 상위층에도 남성이 많지만 오히려 하위층을 차지하는 성별을 보면 남성이 더 많이 분포되어있지. 이러한 점은 눈가리고 아웅하고 좋은 것만 보고 그것과 동일해져야한다는"
301768,2021,3,여성/가족,", 상위계층의 남성들만 보고 그들과 같아지고싶지만 남성이 많은 극빈층의 실생활은 외면하는 페미니즘의 시각을 비판하는거야."
301779,2021,3,여성/가족,페미의 페 자만 들어도 발작한다는게 뭔말인가 했더니 첫댓글부터 바로 나와버리네ㅋㅋ
301785,2021,3,여성/가족,ㄹㅇ 여성우월주의 없어졌르면 ㅠㅠ
301788,2021,3,여성/가족,성평등을 원하면 페미니즘 버리고 이퀄리즘 하라고 이 페미ㄴ아
301790,2021,3,여성/가족,페미니즘 자체가 여성들만을 위한 정책을 지지하는데 남성한테 욕을 안 먹을 수가 있겠니?
301801,2021,3,여성/가족,"확실히 페미라고 하면 감정적으로 대응하는 사람이 많지. 근데 나는 그 감정적임이 결국 두려움에서 나오는 당연한 반응이라고 보거든. 자신들의 파이를 뺏길까봐 나오는 두려움, 즉, 유리천장 등으로 이뤄져왔던 남자들만의 리그에 그보다 못한 여자가 끼어들고 있다는 두려움. 내가 밀리면 안된다는 두려움. 내 자리를 뺏고있다는 감정? 인종차별도 그렇잖아. '나보다 열등하다고 생각했던(근거는 전혀 없는 무의식에서 나오는 주장들) 동양인이 사회적으로 높은 위치(전문직)에 있다니 괘씸하네. 이민자들이 우리 일자리를 빼앗고 있어'와 같은 생각들. 물론 이런 감정을 들키고 싶지 않으니까 조롱, 분노, 까내림 등으로 감추는 것이지만. 페미니즘은 여자 아인슈타인이 조교수가 되게 하는 것이 아니라, 멍청한 여자와 멍청한 남자의 승진 속도를 같게하는 것이다라는 말도 있더라."
301804,2021,3,여성/가족,"남성이 기득권이라는 전제를 좀 버리고 나서 이야기를 해야 말귀를 알아들을텐데 그러질 못하니 시작부터 논리가 헛발질하는거지. 유리천장이니 파이를 뺏기니뭐니 하는건 죄다 4~60대 남성의 이야기이고, 그런데 페미니즘에 분노하는건 20~30대 남성이 주류라는것만 생각해도 답이 나오지 않나? 어떤 특권도 가져본 적 없이 국가가 나서서 노동착취나 당한 사람한테 너 기득권이니까 니 파이 내놓으라 하면 그게 당연히 분노를 불러일으키지 않겠니?"
301805,2021,3,연령,익35말에 동감함. 20대남자가 뭘 누리고있다고 기득권취급하는거임? 지금 행해지는 정책은 20대 남성에게 철저하게 불리한 정책들인데 과거 성차별에서 오는 혜택은 아재들이 다얻고 그 책임은 우리가 지라는 소린데 ㅍㅁ를 지지할 수가 있나
301809,2021,3,여성/가족,"결국 대중한테는 목소리 큰 사람이 보이는거지.. 만약 양성평등을 주장하는 페미니스트가 극성래디컬페미니스트를 규탄하고 자정하는 목소리가 더 컸으면 그렇게 사람들이 인식했겠지. 그러나 그네들은 극성 페미니스트를 묵인하고, 방조하고, 그 콩고물을 얻어먹으며 자신은 극성이 아니라고 무임승차하고 있는 거잖아."
301812,2021,3,여성/가족,"익30은 남혐을 하는것같고, 보통여자들 그렇게 생각안함. 그냥 대충 댓글들 읽어보면 여자들은 남자에 대한 기대가 크지 않은것같네.. 일베를 그렇게 생각한다질 않나 , 자리빼앗겨서 오는 두려움때문에 화를낸다질 않나... 그냥 지능낮은 이성을 잃은 짐승 수준으로 보는것 같네"
301819,2021,3,인종/국적,BLM에 반대하는 ALM이 비판받는건 그 화자가 기득권층인 백인이였기 때문이지 아시아인같은 소수가 ALM을 외치며 자신들도 흑인과 마찬가지로 차별받지 않겠다 하는것까지 싸잡아 욕하는건 문제가 있지. 마찬가지로 페미니즘을 외칠 권리가 있는건 실제로 제도적/사회적 차별을 받은 3~40대들이지 오히려 여성 중심 복지 혜택을 받고 자란 현 20대는 페미니즘을 버리고 이퀄리즘을 향해가야지
301821,2021,3,여성/가족,그 정도라는걸 확실히 해가지고 선을 딱 쳐서 밖에 있는 애들은 쳐냈으면 좋겠음.. 그걸 못하면 우리나라 페미니즘은 언제까지나 발전없이 그대로일거 같아 아님 오히려 후퇴할수도..?
301824,2021,3,여성/가족,"페미는 '남자는 가해자, 권력자, 악이고 여자는 피해자이자 선'에서 시작한 근본부터가 틀려먹은 남녀차별적 사이비 이론임. 남녀평등은 새로운 신도를 모집하기 위한 캐치프라이즈일 뿐. 모든 사이비 신도처럼 페미니즘 아래에서 여자는 본인은 행복해졌다고 착각하지만 사실은 더욱 불행하게 된다. 페미니즘 사상에 따르면 예뻐지는건 죄악이고 남자와 사랑하는건 남자에게 굴복한 변절자(흉자)니까. 결론: 페미니즘은 부모도 못알아보는 사이비 학문이다."
301826,2021,3,남성,자정작용이 뭔지 아니? '범죄'를 저지르는 미친놈들을 남자들의 자정작용을 통해 범죄가 줄어드는 방법 좀 알려줘라 진짜 획기적인 노벨 평화상급일듯
301828,2021,3,여성/가족,"그냥 그 갭이 있어서 사람들이 싫어하는 것 같아. 세상 어떤 특정 집단(종교든, 학교든, 국가든)이든 간에 완벽한 집단은 없고, 완벽한 사상은 없다 생각하기에 옹호든 조롱이든 나올 수 있다 봐. 그런데 그런 집단들 중에서도 유독 사람들이 싫어하는 집단이 소위 서로 싸고도는 집단이라고 생각하거든? 잘못한 것 숨기고 실드치고... 근데 유독 페미니즘은 그게 심한 것 같아. 레디컬 이라고 불리우는 사람들의 행동이 명백히 잘못되었음을 알만한 사례들이 있음에도 불구하고 많은 페미니스트들이 이를 옹호하는 모습이 보이니까...?"
301872,2021,3,지역,니 와 사투리 쓰노
301916,2021,3,남성,뇌섹남 옥냥이
302106,2021,3,여성/가족,자기계발할 생각은 안 하고 문재인이 여성할당제 해주길 바라는 페미들이지 뭐
302108,2021,3,여성/가족,ㄴㄴ 익1은 페미가 ㅂㅅ 이라는 뜻일거야~
302110,2021,3,여성/가족,골이 차있을 수록 페미를 하나
302111,2021,3,여성/가족,"일베충, 페미 동급이긴 하지"
302121,2021,3,여성/가족,페미가 남녀평등을 주장한다고? 개소리; 양성평등주의라는 좋은 말 놔두고 페미니즘이라는 워딩을 쓴다는 것 부터가 궁극적으로는 양성평등을 지향하지 않는다는 말이다.
302126,2021,3,여성/가족,원래 공부 좀 잘하는 애들이 페미가 더 많아
302130,2021,3,여성/가족,공부못하는애들이 오히려 페미 지방대로갈수록 페미 학회이딴거 1도 남자한테 의지해서 살아야하지 생각하는 사람많아서
302132,2021,3,여성/가족,서울대랑 이대에 페미가 제일 많음ㅋㅋㅋㅋㅋ지방대로 내려갈수록 21/03/19 23:30
302142,2021,3,여성/가족,이거 아님 나 이대다녔는데 개예쁘고 남친도 존잘이고 댄스동아리 하는 동기 2명 극성페미였음 난 걍 존나 흔하게생긴 여잔데 페미 아님
302146,2021,3,여성/가족,못생긴 여자들이 다 페미하는 건 아니지만
302147,2021,3,여성/가족,페미는 다 개빻았음
302149,2021,3,여성/가족,"자신있는데(전문직임)내 인생에 조금의 빻은 것들을 용납할 수 없어서 난 페미니스트야. 시대가 변했고 그 변한 시대속에서 여전히 고통받는 여자들,남자들 위해 후원하고 돈쓰는데 그게 페미니스트지 뭐."
302150,2021,3,여성/가족,페미니즘이 마치 성평등을 추구하는 척하는거 ㄹㅇ 역겹네
302154,2021,3,여성/가족,지 능력이랑 상관없이 차별당하는 사회니까 페미가 많은거지 여성할당제만 받아내고 꿀빠려는게 페미 뜻이라고 생각하면 페미가 뭔지도 모르고 손가락 놀리는 에붕이
302157,2021,3,여성/가족,페미는질병이다
302208,2021,3,여성/가족,국가에서 공인한 성차별이 먼저 없어져야 페미니즘인지 뭔지 거들어주지
302213,2021,3,남성,뭐지 결국 여기에는 다들 동의하나봐...어쩌면 한남충이라고 죽어라 욕먹던 우리야말로 양성평등주의자?!?!?!
302224,2021,3,여성/가족,3시간 쯤 지났는데 진짜 아무도 반박 못하는구나... 그냥 이게 페미니즘의 현주소인듯 함..
302237,2021,3,여성/가족,왜 여자라고 교육만 받아야함? 군복무는 개인의 이득 이전에 사회에 공헌하는거임. 여자들 생존을 위한것만 딱 배우고 의무는 회피하고싶은거임? 걍 똑같이 복무해야지 교육만 받고싶다는 반응 제일 이해 못하겠음
302350,2021,3,연령,세연넷ㅋㅋㅋ연저씨 세줌마들 모임임 나중에는 노인들 커뮤니티 될듯 심지어 지금도 40대 꽤 보임
302367,2021,3,연령,정상인 사람은 나이먹고 커뮤질은 하지 않는다
302384,2021,3,기타 혐오,? 반대아님?ㅋㅋㅋㅋㅋㅋ 전문직무새들 총집합소가 세연넷인데
302399,2021,3,기타 혐오,익14같은 애들때문에 싫어짐
302402,2021,3,인종/국적,인종차별이 사라진 건 이론과 제도에서 뿐임
302403,2021,3,인종/국적,"이번에 동양인 상대 범죄 일어나는 거 보면 알겠지만, 동양인이 미국에서 최하층민인듯. 가난하다 이런 뜻이 아니라, 다른 유색인종 집단은 대변하는 목소리가 워낙 커서 함부로 차별하면 후폭풍이 거세서 함부로 못 건드리는데, 동양인은 쪽수도 적고 역사도 적고 출신 국가별로도 아예 다른 커뮤니티고 그러다 보니까 백인들한테는 허드렛일 하는 영리한 심부름꾼이자 백인 주류 사회의 철옹성에서 막아내야 하는 존재, 다른 유색인종들에게는 만만하고 깔봐도 되는 약한 샌드백 그 이상 그 이하도 아님. 거기다가 우한폐렴으로 중국인 혐오까지 더해져서...."
302412,2021,3,인종/국적,아시안 여자보다도 정말 아시안 남자는 미국에서 강아지만도 못한 존재임...
302413,2021,3,인종/국적,아시아 여성도 다른 의미로 보면 백인 남성들에게 이국적이고 신기한 전리품으로 대상화되고 마는듯... 연애시장에서나 조금 우열이 있어도 사회적인 인식은 동양인이면 여자나 남자나 만만한 건 마찬가지ㅠㅠ
302415,2021,3,인종/국적,그냥 동양인 중 한 부류가 중국인이 있어서 그런 거 아님?
302416,2021,3,인종/국적,중국인이든 한국인이든 쟤네한테 안 중요함 걍 싸잡아 동양인이지... 중국 진짜 싫은데 이래서 필연적으로 한국인이든 중국인이든 동양인 대상 혐오범죄에는 목소리 같이 낼 수밖에 없는거
302536,2021,3,연령,늙은이는 오랜만에 학교에 가보고 싶구나
302701,2021,3,성소수자,퀴즈 포기함ㅎ
302702,2021,3,성소수자,진심 퀴즈 너무 무섭다...
302815,2021,3,인종/국적,인권법 위반하는 나라 수준이 그렇지머
302831,2021,3,여성/가족,군대안나온 계집이 저런 소리 하면 뚝배기 깨버려야지
302834,2021,3,여성/가족,뒷담까는 거 대부분이 아줌마들이라..; 진짜 내 근무지는 보호사들한테 얼평도 받음ㅋㅋㅋㅋ ㅁㅊ년들
302845,2021,3,기타 혐오,"공익 대부분 업무 쉬운거 맞는데 몇몇 적폐 기관은 진짜 개ㅈ같은거 시킴. 복지공익이 장애학생 배변담당하는것도 있고 진짜 다양함. 힘들다고 하면 ""그래도 00씨는 군대간 친구들보다 훨씬 편하게 군생활 하잖아요~"" 라는 ㅈ같은 소리하는데 불합리한 것 같으면 의기소침하지말고 끝까지 개겨야함"
302855,2021,3,여성/가족,1.여자공무원
303085,2021,3,인종/국적,역시 한국인은 멍석말이 다굴빵의 종족인가 사과하는 글에까지 와서 욕하고 몰아세우네
303103,2021,3,기타 혐오,익1아 난 보수애들이 유능하다고 한적없다 근데 다 필요 없고 좌파는 정권을 잡으면 안됨ㅋ
303168,2021,3,성소수자,저러는게 일상적인 수준인데도 남자가 게이를 좀 불편해하면 게이가 모든 남자를 좋아하는 거 아니니까 망상 하지마셈ㅋㅋ 이럼 ㄹㅇ
303173,2021,3,성소수자,단체돌림 ㅇㅈㄹ 한건 역겨운건 맞는데 '게이가 모든 남자를 좋아하는 건 아니니까 망상하지 말라' 이 부분은 맞지않나? 그냥 쓰니는 그런 글 없었어도 게이를 까고싶은 거 같은데
303180,2021,3,여성/가족,나같음 쪽팔려서라도 지운다 글 ㅋㅋㅋㅋ 계집년 계집년 하는거 개웃기네 ㅋㅋㅋㅋ 세순이들한테 연돌이들 뺏길까봐 겁났누
303193,2021,3,성소수자,"모르겠어 나는 성소수자가 아니라서,,,,,, 근데 객관적으로 보면 기분이 나쁠만도 해ㅇㅅㅇ 여기도 그런 사람들 많아 진짜 19 달아놓고 글 읽어보면 눈쌀 찌뿌려지는거 한 두 글이 아님;; 그렇다고 모욕이라고도 단정 짓기 어려운게 일단 제일 중요한 특정성이랑 공연성 모두가 성립이 되기 힘들것 같아서... 이건 나도 잘 모르겠어! 그 소곤에 있는 분이랑 잘 해결해봐ㅎㅅㅎ"
303199,2021,3,성소수자,성소수자 잘못은 아니지 진짜 게이인지도 모르는 일이고... 본문 좆같은 건 ㅇㅈ
303204,2021,3,성소수자,애초에 성소수자 게시판은 왜 관음하는건지부터가 띠용이다
303205,2021,3,성소수자,"? 성소수자 문제가 아니라 저런 글+댓글 단 놈만 문제란 건 진짜 동의하는데,게시판 보면 안되는 이유가 있음?? 그러면 뭐 컴공 게시판, 경영학과 게시판, 미개봉 중고 게시판 이런거도 다 원칙적으로는 보면 안되는 건가 ???"
303206,2021,3,성소수자,"그걸 발언한 사람들이 잘못한거에 대해서는 당연히 동의하는데, 댓글 보니까 원래 편견을 가지고 들어가서 보는것 같아서. 그리고 사실 좀 안 봤으면 좋겠어 애초에 성소수자만을 위한 안전한 공간을 만들어놨는데 아닌 사람들이 와서 보는게 불편하지,,"
303210,2021,3,성소수자,뭘 또 좌표를 찍어ㅋㅋㅋㅋㅋ 몰카로 남자 일반화하지 말고 범죄자만 까라고 하는 게 에타인데 는 이상한 애들 몇 명이 글쓴 걸 가져와서 누가봐도 의도적으로 게이 이상하다는 풍조를 조장하니까 그런거지ㅋㅋㅋㅋㅋ
303212,2021,3,성소수자,"""저러는게 일상적인 수준인데도 남자가 게이를 좀 불편해하면..."" 이라는 댓글에서 의도 투명하게 보이잖아;"
303213,2021,3,여성/가족,지금까지 여기 에타만 해도 상당수의 남자들이 응 검사했는데 몰카 없어~ 페미언냐들 오버하는거임 쿵쾅쿵쾅~ ㅇㅈㄹ 했던거 알아?
303221,2021,3,기타 혐오,ㅋㅋㅋㅋ 바로 오버하는거 맞다는 댓글 쓰면서 한국남자 탓 안하길 바라네 양심리스다 극소수의 또라이만 욕하길 바라면 너도 또라이를 욕하면 되는거야~
303227,2021,3,남성,또라이 까는거랑 한국남자 탓하는게 같은거임...? 넌 한국남자를 또라이로 규정하고 있는거?
303228,2021,3,여성/가족,"또라이 욕하는 거 맞고, 난 페미들이 표현하는 두려움의 정도는 오버하는 거 맞다 생각해. 오버하는 거 맞다 생각하면 또라이인 거야? 왜?"
303231,2021,3,남성,음 원글에서는 멀쩡한 한국남자라 억울하다면서 댓글에서 이차가해하는데 쓰니말대로면 한국남자=또라이인거 같기도~ 모르겠다
303236,2021,3,여성/가족,여자들이 몰카에 예민한게 왜 사회적으로 문제가 되는지 모르겠는데?? 그냥 네가 기분 나쁘단게 이유잖아. 여자들이 예민해서 사회적으로 어떤 피해가 생기는지 얘기해 줄 수 있을까?
303271,2021,3,성소수자,자기 성기 찍혀서 버젓이 돌아다니고 알수없는 몇만명의 사람이 본다고 생각하면 이성마비 올만하지?
303291,2021,3,남성,한국사회와 한국남성이 유독 그런 범죄를 많이 저질러야 집단을 특정해서 욕할 수 있는 거지 그게 아니잖아. 그리고 외국이 몰카범죄 훠어어어얼씬 많아..
303311,2021,3,성소수자,근데 게이를 싫어하는게 HIV감염자의 대다수가 게이라서가 아니라 그냥 게이 자체가 더럽게 느껴져서 싫은거임ㅋㅋㅋㅋ
303316,2021,3,남성,한남 뜻을 모르는건가...한국인 남자 다 싸잡는게 아니라 성범죄적/성차별적 성향을 가진 한국 남자를 뜻하는건데 그럼 한국인 남성 몰카범죄라를 한남이라고 탓하지 뭐라고 탓해...
303319,2021,3,지역,단어 자체의 어원보다 어떤 목적으로 어떤 곳에서 사용하냐가 중요하지. 이기야나 ~노 체는 실제로 노무현 대통령께서 사용하시던 실제 경상도 사투리지만 지금와서는 인터넷에서 사용하는 것 자체가 금기시되잖아? 한남이라는 단어가 초기에 메갈리아 등 남혐집단을 주체로 퍼졌다는 것은 반박할 수 없는 사실이지
303325,2021,3,여성/가족,3.비정상남자
303326,2021,3,여성/가족,4.비정상여자
303327,2021,3,남성,"자 여기서 무슨 성관련 이슈가 터져. 그러면 1차적으로 2와4가 주장을 함. 근데 그중에 보통 4의 주장이 주목을 받음. 그걸 보고 1과3의 남자들도 뭐라고 말을 함. 근데1은 논리적으로 이야기하고 3은 그냥 까기만함. 그러면 2가와서 우리는 남자전체 욕 안한다 이럼. 4는 그와중에 3이 쓴 댓글가지고 난리침. 상황이 이러니까 1이랑2는 존나 애매해지는거임;;1입장에서 4의 댓글을 보고 입장을 쓰면 2가 와서 ""우린 그렇게 극단적이지 않아""이러고 2입장에서 3의 댓글보고 입장쓰면 1이 와서 ""남자들 다그러는거 아니다""하고 ㅅㅂ 결국 34들이 문제야..얘네들 다 빼고 이야기하면 그래도 궁극적으로 옳은 결론으로 가는데(몰카는 나쁘고 범죄자는 처벌하자) 여기서 3이나 4가 끼는순간 저 명제에 뭐가 추가되거나 바뀜. 4가 추가되면 ""이래서 한국남자가 문제다"" ""한국사회가 이렇다"" ""여혐이다"" 이러는거고 3이 추가되면 그냥 인신공격이나 해대는거고.."
303375,2021,3,지역,동네분들 이기적인거였네ㅋㅋ
303377,2021,3,지역,그게 '시골인심'의 현주소인거임ㅋㅋㅋ
303393,2021,3,지역,솔직히 저 말 듣고 겁나 어이없었기는 했는데 시골 살아본 사람들은 아마 어느 정도 하겠지만 시골은 논리가 통하는 곳이 아니야ㅋㅋㅋㅋ설사 논리적으로는 우리 말이 백 번 맞다 해도 자기네들이 생각할 때 맘에 안 들면 그냥 이장을 필두로 해서 카르텔을 형성해버려ㅋㅋ그러면 이제 동네에서 무슨 일 있을 때마다 우리집을 아예 배제하고 의도적으로 무시하는거지ㅋㅋ시골에 있다보면 차라리 그냥 아예 남남으로 사는 게 당연하고 서로 최대한 피해 안 가는 걸 당연히 여기면서 사는 도시가 훨씬 인심 좋게 느껴짐ㅋㅋ
303394,2021,3,지역,밤나무보다는 조금 극단적인 예시지만 신안 염전노예도 지역 유지들이 주민들이랑 경찰이랑 택시기사까지 전부 카르텔 형성해서 못빠져나가게 계속 돌려보내는거임. 본인들끼리는 좋은 일 하고 있다고 믿고 있음. 닫힌 사회가 고이고 썩을 수 밖에 없는거지.
303398,2021,3,지역,그리고 시골사람만 문제인건 아님 조용한 관광지 같은 곳이 근처인데 우리 사과밭에서 냉이캐가고 고구마 서리하고 걸리면 이정도 가지고 왜그러냐 함. 그리고 쓰레기를 얼마나 많이 버리는지 cctv설치해도 버림.
303403,2021,3,지역,"여기 댓글들 보니까 우리집 밤나무 사건은 그래도 양반이었네..ㅋㅋ저런 사건들에 대해서 시골은 도시보다 공동체 문화가 강하니까 그럴 수도 있지 않냐고 실드를 치고 싶어도 그럼 반대로 지들이 우리한테 도움 주는 것도 있어야 하는데 그런 건 전혀 없는 게 문제야ㅋㅋ우리집도 친한 이웃들이 몇 집 있는데 그 분들은 평소에 꿀, 나물 이런 거 있으면 항상 우리 집에도 찾아오셔서 나눠주시거든. 그럼 이제 우리도 답례로 다음에 찾아가서 또 드리고. 근데 오히려 이런 분들은 본인들이 우리한테 많이 베풀었음에도 우리가 찾아가서 선물 드리면 엄청 고마워하셔. 웃긴 게 정작 우리 집 밤처럼 남의 것 아무렇지도 않게 가져가는 인간들은 평소에 우리집에 선물은커녕 아예 찾아오지도 않고 엄청 궁색함ㅋㅋ그냥 단지 공동체의식에 편승해서 자기 이익만 챙겨가려는 부류야. 그나마 착한 이웃들도 있어서 지내는거지 사실 이런 부류의 인간들이 시골에는 엄청 많아. 혹시나 부모님이 도시 사시다가 귀농 생각하는 집 있으면 이런 면도 꼭 고려해야돼"
303405,2021,3,지역,ㅇㅇㅇㅇ맞아. 우리도 친한 이웃들 보면 상당수가 도시에서 사시다가 은퇴하고 귀농하신 분들이야ㅋㅋ이 분들도 위에서 말했던 이유들로 시골 토박이들의 이기심에 환멸이 나서 마음 맞는 우리들끼리만 거의 어울리게 되더라고
303606,2021,3,기타 혐오,이거 된지 쫌 됐는데.. 공지하나 안해주는 학교 클라스
303663,2021,3,성소수자,"헤비ㄸ잡이 인데 왜 고퀄 합법 일본,미국 야동 냅두고 별로 몸도 안좋고 더럽기만한 화장실 훔쳐보는지 모르겟음 그래서 저런 아웃라이어 정신병자로 남자 싸잡아 뭐라하면 부당함;"
303945,2021,3,연령,학부생이랑 졸업생이랑 몇살차이라고 바득바득 구분하는 너의 모습이 더 어린애같음
304072,2021,3,기타 혐오,ㅅㅂ 연대생 능지가 레전드다
304079,2021,3,연령,애들빡대가린가ㅋㅋ딱봐도 틀렸구만
304110,2021,3,연령,ㄹㅇ ㅋㅋ 중3보다 못한 킹세대생들 집합 이해도에 ㅂㄹ 탁치고 갑니다~
304124,2021,3,여성/가족,특히 페미창궐이후 너무너무너무 아까움 국가에 희생햇다는게
304342,2021,3,남성,"시집만 보내주고 장가는 안보내주는거.. 이거 남혐 맞지..,"
304425,2021,3,인종/국적,이 시력검사 무효다. 나같은 긴팔원숭이들한테는 너무 불리한 것 같다
304437,2021,3,성소수자,ㅋㅋㅋㅋㅋㅋ스모충 광광 운다 ㅠ
304482,2021,3,성소수자,See see i cant see..
304537,2021,3,연령,하 이거보고 갑자기 생각해서 들어보니 울컥하네... 15틀딱 졸업생 지나가다 울고갑니다
304549,2021,3,남성,자 지축을 박차고
304555,2021,3,남성,언제자지 my icy penis 후속작나왔냐ㅋㅋㅋㅋㅋ
304633,2021,3,성소수자,ㄹㅇ 옆사람 똥꾸린내나면 ㅈㄴ 고문이다
304639,2021,3,남성,냄밍아웃했내..
304640,2021,3,지역,저번주 신중도에서 어딘지는 모르겠는데 B구역 냄새나더라
304658,2021,3,인종/국적,너가 안나는거 아닐까?? 그리고 그게 한국인이 서로 마늘냄새 못맡는데 외국인이 맡으면 나듯이 원래 자기는 잘 모름
304766,2021,3,지역,실제로 베라도 민초가 2위☆☆
304774,2021,3,여성/가족,치약이 민트맛이지 민트가 치약맛이 아니다!! 치약맛 난다는 애들은 딸기먹으면서 콘돔만 낫다고 할 넘들임
304776,2021,3,종교,민천지 소름돋네......?
304912,2021,3,연령,틀딱아니면 사줬을텐데
304956,2021,3,여성/가족,완전 82김지영 느낌이네ㅋㅋㅋ 전형적 페미물
304960,2021,3,여성/가족,페미란 말 좀 알고 쓰자...아오! 연대 맞나
304997,2021,3,성소수자,그래서 잘 안입긴 해ㅋㅋㅋㅋㅜㅜ 키 크면 진짜 어려운 듯ㅠㅠ 난 똥꼬치마? 는 싫어해서ㅠㅠ 아예 미디나 롱으로 사고 미니 (특히 h라인)은 꼭 입어보고 사ㅜㅠ! 인쇼에서 치마 사다가 실패한 적이 너무 많아서ㅜㅜ
305118,2021,3,여성/가족,'페미학교' '페미에서많이쓰는단어' '탈코르셋'
305128,2021,3,지역,그냥 의심스러워서 의문제기했더니 린치하는거보니 ㅋㅋ 그쪽답다
305152,2021,3,기타 혐오,익55야 내 댓글 어디에 욕이있어? 외려 내 의문에 정신병 운운하면서 쌍욕하는 애들은 있지만 ㅋㅋ '추악하다' 이거보고 그러는거면 이게 욕이냐 바보야
305157,2021,3,연령,익6이 맞음 이대생들 몰려와서 주작하고있네; 공부를 못하니까 주작도 제대로 못해요
305164,2021,3,여성/가족,1. 본인 여성인거 드러낼수있음
305166,2021,3,여성/가족,= 페미들이 주창하는 '보돕보' ㅋㅋ
305169,2021,3,기타 혐오,이래서 지능 딸리는 이대생들이 싫음 왜 옆 학교에 있어서 엮이려고 하는지
305189,2021,3,여성/가족,ㄷㄷ 울학교 애들 피해망상 페미 수준인 애들 많네..선행한 사람이 연대생이면 멋진 일이고 이대생이면 주작100프로라는건가? 진짜 뭐만하면 주작주작 거려서 학생증 인증하고 써야될듯ㅋㅌ
305202,2021,3,남성,페미들이 한남들 욕하면서 '~~같은 한남들 때문에 인류애 없어진다' 는 식의 글을 빈번하게 씀 여초커뮤니티 가바
305244,2021,3,여성/가족,아니 이게 이대라는 단어 하나 들어있다고 이대에서 '여자를 돕는 착한 언니들'로 자신들을 세탁하려는 주작인거냐 21이래잖아 ㅂㅅ들 존나많네
305251,2021,3,남성,추추작 추추작
305372,2021,3,여성/가족,뭔 여자감성은 머고 남자감성은 먼데...ㅋㅋㅋㅋㅋㅋ 감성에 성별 붙이고 앉았네
305500,2021,3,지역,저 글에 원주 18이란 애가 먼저 신촌애들 지랄발광이라 하니까 빡치는 거 당연하지
305579,2021,3,기타 혐오,선택적 누락 또한 명백한 학력위조 맞지
305641,2021,3,연령,쥐방울만한애들이 레퍼런스체크 운운하는거 보니 병정놀이 하는 중학생들 같아서 웃기네
305788,2021,3,지역,ㄹㅇ... 올해부터는 진로고민하라는데 해본 게 없어서 내가 뭘 관심있는지도 모르겠고 아는 사람이 없어서 어디다가 물어볼 데도 ... 이것저것 해보려고 해도 지방 촌구석에선 할만한 게 없어
305822,2021,3,기타 혐오,나 몇년전에 저기 근처 살았었는데 저 아저씨 혼잣말은 엄청 많이해도 이상한 사람은 아니었는데 정신병이 스며들었나보다
305828,2021,3,여성/가족,자기보다 약해보이는 여성분들한테만 저러는거면 진짜 추악하다
305837,2021,3,성소수자,3대450 헬게이 혼내주고 온다
305901,2021,3,기타 혐오,ㅋㅋㅋㅋ그냥 잘난 사람이 다 싫은 사람도 존재하나보다 하고 말아. 꿈에도 못갈 대학인가 보지 익3힘내
305992,2021,3,인종/국적,와 창민 결혼했구나
306326,2021,3,성소수자,헬게이들만 훈수두고 싶어서 우글우글하네 ㅋㅋ
306360,2021,3,기타 혐오,토익점수가 필요한 고오그읍 시험들이 마감됨 상위권 응시자들이 빠져서 그려
306393,2021,3,남성,퇵린이 부랄을 탁칩니다. 진짜 산타토익 결제해도 괜찮은 물건입니다. 짤짤이로 2팥 5팥 공부하기 진짜편함 똥싸면서 쌉가능
306473,2021,3,연령,대신 거기는 틀딱은 검증됐지만 유저들의 질이 문제가 심각함 차라리 여기서 구라쟁이들 보는게 맘편할정도
306584,2021,3,연령,틀딱은 새게에서 나가셈^^
306814,2021,3,인종/국적,공머놈들 ㅈㄴ시끄럽게 놀면서 우리가누구 비전식스 해서 비식이들이 시러햇던거 생각나네
306865,2021,3,여성/가족,입사하고나서 여성 직원이 남성 직원과의 연봉차이를 느끼고 못 버틸까봐 미리 물어보는거라고? 애초에 왜 연봉차이가 있으며 실제론 차이가 없다고 쳐도 그런식으로 당연한듯이 말하는데 불쾌하지 않겠냐? 설마 남성이 더 힘든 직무라서 연봉차이는 당연하다 이런소리 할거면 다시생각해보기 바람. 그게 진짜라면 여자들이 단체로 ㅂㅅ도아니고 그정도도 감안을 못하겠냐? 그렇게 생각하는게 여자를 ㅂㅅ취급하는거 아니고 뭐임...
306892,2021,3,여성/가족,"군호봉 인정 옳다고 생각하는 여자도 있는데?? 페미들 디폴트가 군호봉은 잘못된 거라고 생각하는 거라 그런 거 아님?ㅋㅋㅋ 옳다고 생각하는 여자는 옳다고 생각합니다. 하고 넘어가겠지 ㅋㅋ 그리고 회사는 그냥 이미지 타격 올까봐 바로 사과한 걸 수도 있지 ㅋㅋ 그리고 다른 지원자가 올린 거 보면 1.아직도 많은 회사에서는 병역 이행을 기준으로 남성과 여성의 임금 차이를 두는 것이 사실인데, 이에 대해 어떻게 생각하는가 이거임 애초에 여자측에서 말한 게 사실이라도 맞다고 생각하면 아무 문제 없는데?"
306914,2021,3,여성/가족,"굳이 동아제약이 아니라 다른 회사를 들어가서라도 능력 인정 받고 동시에 서서히 변화시키고 해서, 이런 회사가 취준생들에게 경쟁력 있다는 것을 보여주면되지. 그때까지 동아제약이 그들이 말하는 여성혐오회사라면, 알아서 시장에서 도태되겠지"
306937,2021,3,여성/가족,그리고 난 정상적인 여자들은 너무 좋은데? 페미가 싫은 거지ㅋㅋ
306949,2021,3,여성/가족,댓글 보니 저 질문은 아주 현명한 질문인 듯. 사람 거르기 가능 ㅋㅋㅋ 그리고 저기서 걸러지고 입사한 사람들도 논페미 인증 가능
306950,2021,3,여성/가족,저게 성차별적인 질문이면 전쟁한번 나야됨 그래야 정신을 차리지 ㄹㅇ
306977,2021,3,기타 혐오,ㅋㅋㅋㅋㅋㅋㅋ 진짜 아이즈원 볼때마다 조국-조민 생각남 빽 써서 원래 있어야 할 애 자리 뺏은거 ㅋㅋㅋㅋㅋ 걍 조국돌임
307052,2021,3,남성,의무새들도 반박못함 ㅋㅋ
307176,2021,3,여성/가족,꼬우면 여자도 군대가겠다고 시위해
307190,2021,3,여성/가족,그냥 제3차 세계대전 일어나면 여자애들 정신 좀 차릴거임
307194,2021,3,여성/가족,무임승차 맞음 근데 여자는 어차피 육아 출산 결혼하게 되면 커리어가 위험한게 맞음 승진불이익도 있고 일반 사기업 기준 그래서 군대 안가는 2년을 좀 더 여성이 육아 출산 병행하면서 일하기 좋은 환경갖춰진 좋은 직장위해서 스펙쌓는거 말고 여자가 할 수있는건 딱히  그래서 이년동안 전문직 라이센스 따거나 공기업 공무원 각종 고시하는게 이득임 남자도 불공평한 세상이고 여자도 불공평한 세상임
307293,2021,3,인종/국적,소아온 뜬금 가해자 미화해서 어이털림. 이게 일본 감성인가...
307351,2021,3,여성/가족,여자라서 병풍 만들고 떨어뜨리고 싶었으면 합격자 4명중에 3명이 여자였겠어? 내가 봤을 땐 간식비나 군생활에 대한 질문보다 현제 사회 전반적으로 젠더이슈가 활봘히 논의되는 중이고 그걸 반영한 질문이니까 더 수준높은 질문이라고 생각하는데. 그 질문에 답을 잘 했으면 같이 면접 본 남자들보다 합격했을 가능성 더 높았을거라 생각하고 합격했으면 저런 정상적인 면접질문을 폭로하진 않았을 거 같은데ㅋㅋ 결국엔 일 잘하고 대인관계능력 좋은 사람 뽑기 위한 면접에서 여자라는 이유로 소외시키지도 않았을 거고 답변으로 저렇게 극단적인 성향인거 드러냈으면 떨어져도 할 말 없지
307407,2021,3,여성/가족,ㅋㅋㅋ익19 진짜 어이없네 페미들은 남자한테 자기들이 남자들은 이해 못하는 상황에 처해있으니 젠더감수성이며 뭐며 요구하는데 면접에선 여자한테 군대 관련 질문하는건 불편하고 차별적이고 그래?
307478,2021,3,여성/가족,ㄹㅇ 답하기 싫은 질문=정치사상 검증 질문. 까놓고 말해 이기적인 페미인거 티내면 불리할거 아니까 그걸로 피해의식 있는듯
307638,2021,3,연령,"18이 화석,,, 늙은이는 운다"
307660,2021,3,종교,진짜 답 없는 종교극단주의네.. 무섭다
307664,2021,3,종교,저 나이에 저런 거짓말 하는 애들은 은근 많은데 부모의 잘못된 판단 + 종교 극단주의가 합쳐져서 참사를 낳은거지...
307665,2021,3,인종/국적,ㄹㅇ 난민받으면 우리도 저꼴난다
307667,2021,3,인종/국적,근데 난민 안받기에는 출산율이 너무 씹창났다
307676,2021,3,종교,슬람애들이 애한테 오냐오냐하겠냐 오히려 퍽하면 줘패고 학대하고 심지어는 띵예살인 하니까 애새끼도 쟤들이 죽고못사는 종교떡밥으로 제 살길 찾은거지 ㅋㅋ
307723,2021,3,성소수자,엑소-늑대와미녀 가사인거 모르고 댓단사람설마없겠지..? 설마해서~ 그럼이만
307772,2021,3,인종/국적,외국인인거 개웃기네
307813,2021,3,남성,탑티어라니 대흉근이 팍 쪼그라드노..
307821,2021,3,여성/가족,세연넷 왁싱녀 미만잡
307947,2021,3,연령,비전꼰대좌.... 핫게 보내드립니다^^7
307965,2021,3,연령,참 ㅋㅋㅋㅋ문화가 뭐 어쩌라고 반말 지껄인 것도 아닌데 꼰대특이 아주 그냥 하늘을 뚫을 지경이네
307966,2021,3,연령,ㄹㅇㅋㅋ 본인만 과하게 받아들임 젊은꼰대
307979,2021,3,연령,개소름돋네 ㅋㅋㅋㅋㅋ 기껏해야 20대일텐데 이렇게나 폐쇄적이고 답답한 꼰대들이 있다고? 도대체 어느 시대에 살고 있는거야?
307982,2021,3,연령,젊은 꼰대 개많네 ㄹㅇ 여기가 연세대가 맞는지
308140,2021,3,연령,다 지들 나이늙고 도전할 용기 안나서 새내기들한테 투영하는거 같음ㅋㅋㅋㅋㅋㅋㅋ;;
308275,2021,3,연령,요즘은 저런 홈페이지 보면 세기말감성이라 오히려 정겨운데 나 틀딱이냐?
308299,2021,3,지역,순둥순둥한 동네가 아니라 저런 애들도 공부를 앵간 잘 하는 신기한 동네임
308319,2021,3,기타 혐오,이게 왜 일반화가 아닌건데? 개인이 한 행동을 단체의 특성으로 묶어서 표현하는게 일반화의 오류지. 이렇게 댓글 달면 모든 12특에게 개븅신민폐새끼 이미지가 적용되는 거잖아 그럼 존나 조용히 산 나같은 12특은 뭐가 됨.. 민폐 안 끼치려고 기를 쓰고 살았는데 왜 저딴 애 때문에 나까지 욕먹어야 함? 원글처럼 그새끼 욕만 하셈 애초에 전형이랑 행동거지랑 무슨 연관성이 있다고 이렇게 자랑스럽게 일반화 아닌데? 하는건지
308367,2021,3,기타 혐오,간호가 우리가 생각하는 개업 가능한 고소득 전문직이 아닌건 맞는데 면허 있다는 점에서 전문직인 것도 맞음. 굳이 간대 게시판에 와서 너네는 전문직 아니라고 외치는 익6이의 심리는 뭘까
308492,2021,3,기타 혐오,그리고 솔직히 고대 서울대도 아니고 이대인데 우리가 왜 이렇게 관심 가지는지도 난 의문이라고 생각해... 연대 방구석 찐따들이 혼자 열폭하는 것 같이 보여...
308527,2021,3,기타 혐오,맞음ㅋㅋㅋㅋㅋㅋ 연대평균지능이 이모양인가 싶고 한심해보임 다들
308532,2021,3,기타 혐오,빠돌이쉑키덜ㅋㅋ
308630,2021,3,인종/국적,근데 이게 동양인 중에서도 한국인?? 종특?
308634,2021,3,지역,혹시 갱상도사람??
308731,2021,3,연령,신입생 ㅅㅋ가 아가리 놀리는거 참무섭네 ㅋㅋㅋㅋㅋㅋㅋㅋㅋ
308758,2021,3,기타 혐오,원세대는 자기들이 공부 못하는 거 앎 근데 이대는 지들이 공부 잘하는줄 앎ㅋㅋㅋㅋㅋ
308766,2021,3,기타 혐오,에붕이들 이대 혐오 썰풀어 막상 마이크 갖다대면 어버버??♂?
308787,2021,3,성소수자,Make Yonsei great again
308842,2021,3,성소수자,남자가 인생의 전부는 아니라면서 괜찮은 남자 골라사귈 수 있다고 학교 장점 어필하는 언냐들
308859,2021,3,여성/가족,그래서 이대 내부에서도 이제 페미들 그만 나대라고 한대ㅋㅋㅋㅋㅋㅋ
308868,2021,3,기타 혐오,솔직히 이대 전문직 to만 빼오자 그게 젳 억울하다 (로스쿨 약대)
308889,2021,3,종교,9광신도 ㅈㄴ세잖슴
308939,2021,3,기타 혐오,심지어 배치표 높게 보이는거도 의대때문인데 존나 뻔뻔함
309198,2021,3,인종/국적,남이 섬 vs 가족이 대륙 ㅋㅋㅋㅋㅋㅋㅋㅋㅋ
309282,2021,3,연령,"직장내 꼰대문화는 여전하고,"
309299,2021,3,종교,너같은 애들때문에 개독소리듣는거임
309304,2021,3,남성,바로 개추를 그냥 벅벅벅벅벅벅벅벅벅 박는중ㅋㅋ
309317,2021,3,남성,ㅋㅋㅋㅋ 기엽지안냐 개추 박아라
309659,2021,3,인종/국적,그리고 사실 일본 제끼고 중국 하나만 보더라도 징병제는 불가피하지 않나 싶다. 같은 대국인 인도 상대로도 저 지랄 하는데 한국이라면 더하면 더하지 않을까
309662,2021,3,인종/국적,ㅇㅇ 다시 생각해보니 일본은 좀 오바한 거 같긴 하다. 하지만 북한이 명백한 적대국가로 남아있고 그 위에 개좆같은 깡패국가가 있는 이상 징병제는 현실적으로 어쩔 수 없다고 생각함. 나도 공군 24개월동안 별별 좆같은 꼴 다 겪었지만 그래도 징병 자체는 불가피했던 거 같음
309664,2021,3,인종/국적,익28 일본인임? 그냥 주변에 강대국 많으니 쉽사리 모병제로 전환하긴 힘들다는 의견이잖아. 일본하나 언급했다고 발작하는거 웃기네ㅋㅋ
309665,2021,3,기타 혐오,뭔 발작임. 군대에 ㄱ자도 모르고 맨날 일본언급하는 애들 수준이니까 그러지 니가 강원도 최전방에서 굴러봐라 일본거리는것들 얼마나 역겨운가
309667,2021,3,인종/국적,"이런 글쓰면 항상 친일드립치는놈들 꼭 있는거 앎. 근데 친일을 넘어 일본인드립을 치고있네. 누가뭐래도 우리의 주적은 북한과 그들의 뒤를 봐주는 중국,러시아임. 우린 얘네땜에 끌려갔고, 모든 시스템이 얘네와의 전면전을 대비하는 식으로 짜여있음. 그리고 그 시스템안의 나약한 개인인 나따위는 얼어뒤지겠는 추위속에서 청춘 버릴수 밖에 없었음. 근데 미필인지 뭔지 모르겠는데 일본 일본 거리는거 보면 좀 빡치긴함."
309695,2021,3,남성,한남은 억울하다!
310006,2021,2,인종/국적,태민 heaven
310019,2021,2,성소수자,"태민 낮과밤 , artistic love , sexuality"
310318,2021,3,지역,대.면.시.러 -부산인
310459,2021,3,남성,??남자들은 다들 불알 만지다가 입 심심할때 비빔면 끓여서 맨손으로 비비지 않나 나만 그러나
310549,2021,3,남성,남혐좀 할수있지... 왜냐? 우린 남이니까 푸하하
310560,2021,3,남성,거를 수 있게 남혐 쭉 가지고 계셈
311221,2021,3,성소수자,String could not be parsed as XML
311226,2021,3,여성/가족,스노우하레이션이 뭔데 개씹덕련아;
311248,2021,3,여성/가족,씹덕들 만행 보고서 빡쳤지만.. 다 아는 노래인게 더 슬프네
311317,2021,3,인종/국적,너네는 어디가서 중국 시민의식 욕하지 말아라
311319,2021,3,인종/국적,Free Hongkong
311722,2021,3,기타 혐오,가오충 & 양아치라서 슈퍼카하고 외제차에 목숨거는거
311911,2021,3,종교,한쪽 말만 들으면 예수도 십자가에 못 박히는 법
312028,2021,2,기타 혐오,"전문직,설대 아닌 나머지 99퍼 사람들은 다 실패한거냐ㅋㅋㅋㅋㅋㅋ"
312088,2021,2,여성/가족,페미 이후 여대출신은 거를 수 있게되어서 좋아 17학번부터지?
312097,2021,2,여성/가족,"이래놓고는 아 일반화하지 말라구요~~~, 사실을 말해도 여대혐오하지 말라고요~~ㅇㅈㄹ하는거보면 참 ㅋㅋㅋㅋ"
312148,2021,2,기타 혐오,"타인 지적하지 않고 본인이 알아서 탈코르셋하는거 지지하고, 한국 사회가 여자들을 필요보다 과하게 꾸미게 한다고 생각하는데도 저 집단은 미친것같다. 걍 일반적인 메이크업 글에 (옪고 그름이 정해진게 아닌)정치적인 말머리 안 달고 싶다고 저런 반응 보이는게 말이 되나?지들이 그렇게 욕하는 일베랑 수준 똑같은데"
312248,2021,2,기타 혐오,"그냥 그게 아니꼬우면 혼자 생각하면 안되냐 이게 핫게 간것도 웃기네 프로불편러들 그동안 택배기사들 처우랑 인식 밑바닥이어서 크고작은 사건사고들 거치면서 그나마 좀 올라온 건데, 머 캠페인 할 수도 있지 이렇게 생각하고 말아라. 사회 큰 자리 하실 분들이 그렇게 속이 좁아터지면 쓰냐. 나중에 캠페인 안한다고 욕하는 머저리들 생기면 그때 가서 뭐라 하셈"
312272,2021,3,연령,대학생 백수가 캠페인하고 있으면 솔직히 한심해보임
312434,2021,2,여성/가족,ㅇㅇ 그리고 특히 여자는 더더욱.... 인기 많은 애들은 다 이유가 있는 법이고 뒷말이 많은 애들은 (이유없는 왕따나 은따X) 그 나름대로 이유가 있는 법임
312447,2021,2,여성/가족,지입으로 자긴 털털하고 여자애들 피곤해서 같이노는거 힘들다고 하는데 현실은 그냥 여자라는 이유로 배려해주는 남자애들 사이에서 여왕벌놀이..
312456,2021,2,여성/가족,여자애들이 서로 잘되는거 못보고 질투하는 경향성은 있지 않나?
312458,2021,2,남성,내 경험상 괜히 자기보다 별거 아닌 게(싸우면 질 것 같은 덜 남자다운 애들이) 잘나가면 좆같아 하는 거 남자도 만만찮음
312479,2021,2,여성/가족,남자들 사이에서 여왕벌하는 여자애들도 자기들이랑 비슷한 여사친 있긴해서 그걸로 구별못함 어차피 이쁘면 여자들한테서도 왕따는 안당해
312566,2021,2,성소수자,https://student.yonsei.ac.kr/petitions/detail/93
312633,2021,2,기타 혐오,정시로 설공 더군다나 의대 가는 애들이 국어를 못 할리가 없지;
312671,2021,2,연령,진짜 공익하면서 반말 찍찍쓰면서 소리지르는 못배워쳐먹은 틀딱들만 보다가 가끔 존댓말 써주는 사람오면 너무 감사함
312674,2021,2,연령,그건 어르신이 아니라 늙은이야.
312696,2021,2,성소수자,"Attention, I really want you 추천할게!!!사실 heart attack, 빈칸, body rhythm 다 좋아 ㅠㅠㅠㅠ"
312772,2021,2,성소수자,로나가 한국 돌아와서 청아예고 재입학시켜달라고 이사장인 천서진앞에서 무릎꿇고 똥꼬쇼함
313096,2021,2,성소수자,YSexonthebeach
313144,2021,2,지역,저 사람 댓글 단 거 봤는데 공장에서 같이 일하던 아저씨가 연변 출신이라 틈날 때마다 연변 사투리 배웠다네요
313166,2021,2,기타 혐오,ㄹㅇ 의대나 치대 애들은 장학금 안받아도 불만 없을듯
313175,2021,2,여성/가족,"요즘같이 남성혐오, 여성혐오가 판을 치는 세상에서 이게 우리한테 가장 필요한 일임"
313179,2021,2,여성/가족,이 소리가 맞음. 왜 국가에서 공식적으로 능력 안되는 스테레오타입 성차별을 하고 있는데 거기에 대해서는 이득을 보니까 가만히 있냐? 라는 주제에서 뷔페미니즘이라는 말이 나온 거
313185,2021,2,인종/국적,여혐으로 몰아가고 자시고 할 새 없이 북괴들이 싹다잡아갈걸
313190,2021,2,여성/가족,이게 진짜 페미니즘이지. 뷔페미니즘이랑은 다르다.
313209,2021,2,여성/가족,나도 여잔데 솔직히 아직 전쟁 중인 이 나라에서 살면서... 가정이나 노약자를 보호할 의무가 없는 여자로서 전쟁나면 내가 뒤질 거 같아서 나 스스로를 지키기 위해서라도 기초적인 군사 훈련 받고 싶음. 할 줄 아는 게 없어서 도망만 다니다가 총맞아 뒤지면 원혼 되서 저승도 못갈 거 같음 ㅋㅋ ㅠㅠ 물론 생리 등의 신체 문제가 사람마다 각기 천차만별이라 제도적인 면에서 정비 잘 되어야 하겠지만... 개인적으로는 스위스처럼(맞는 예시인지 모르겠음) 남녀 모두 징병하고 대신 청춘 1년 반~2년 통으로 때려박기 보다는 꾸준히 n개월 예비군훈련 받는 방식으로 갔으면 좋겠음
313212,2021,2,여성/가족,전쟁나면 직접 집총하고 전선나가는게 아니라 군수공장가서 일하지않을까 여자들은
313214,2021,2,여성/가족,진짜 너무 시원하다...군대가면 심폐소생술 등 구급법이나 aed사용법 같은것도 배우고 화학무기에 대비해서 kmark1같은 해독제 사용법이나 방독면 쓰는법도 배우는데 진짜 전쟁나면 이런거 여자들 1도 모르니까 걍 다 죽으라는건지...남자들이 치료하라는건지....ㅋㅋㅋㅋ
313216,2021,2,여성/가족,그냥 전쟁 한번 나야한다니깐 뭐이리 차분하게 받아들이려 함? 어짜피 안바뀌는데 정작 남자는 1년 6개월 뺏기는데 기초군사훈련 받아야한다 이러잖아 ㅋㅋㅋ 이게 무슨 양성평등이야ㅋㅋㅋ 핵전쟁이나 좀 나자
313217,2021,2,여성/가족,인터넷 속 꼴페미들이나 군대가는 거 조롱하지 나나 내 주변 여자애들은 군대에 대해서 쓰니랑 비슷한 의견이야 요즘 커뮤니티나 에타 보면 극단적인 의견들만 너무 확대되는 거 같아서 아쉽더라
313222,2021,2,성소수자,"반면에 여성은 병역이 자율적이기에 대부분의 여성은 입대를 하지 않고, 또 몇몇 여성은 여성들이 임신을 하기 때문에 군대를 가면 안된다는 비논리적인 주장을 하기도 하잖아. 특정 성에만 의무를 가하면서 다른 성은 그 의무를 당연시 여긴다면 차별이지 않을까?"
313230,2021,2,여성/가족,진짜 모든 여자들이 군캉스 이렇게 생각하는 것처럼 폄훼하자 말아줬으면.. 자기 잣대로 다 일반화하면서 페미니즘의 ㅍ만 나와도 뒤집어지는 거 보면 넘 안타까움.. 페미니즘이 지향하는 건 군대 가기 싫어 빼액이 아닌데
313231,2021,2,여성/가족,"여자 남자 둘 다 군대 가고, 군필에 출산한 여자들에게 + @가 있는 쪽으로 가면 되는 건데 무작정 반대하는 여자들 이해가 안 가.. 군대는 명백한 성차별인데 .."
313241,2021,2,여성/가족,22222222 여자는 보호받아야 하는 존재가 아니야. 백날 군대문제로 남녀편갈라 싸울바에야 그냥 싹다 갔으면 좋겠음. 여자가 군대안갈 이유가 대체 뭐라 말임. 물론 당장 여성징집이 되면 나도 ㅈㄴ가기싫겠지만 그래도 가겠지.... 지금 남자들이 그래왔던 것처럼.
313251,2021,2,여성/가족,그리고 댓글들중에 이게 페미니즘이지 이러는데 이건 페미니즘이 아님. 만약 저 마인드를 그냥 이렇게 겉으로만 말만 번지르르하게 하는게 아니라 실제로 저렇게 생각한다면 페미니스트는 아님. 페미는 애초에 양성 모두가 행복하기를 바라지 않음. 그저 생물학적으로 여성만 행복하기를 바라지. 혹시라도 가 스스로를 페미라고 생각하고있었다면 페미 아니니까 그런 쓰레기같은 집단에서 나오면 좋겠음. 그럼뭐냐 라고 할수있는데 굳이 이름을 붙여야됨?그냥 의 성에 대한 가치관. 이렇게 하면 되지 무슨주의 이런걸 굳이 만들어서 갖다붙일 이유가 .
313254,2021,2,여성/가족,'고마움과 미안함' 그냥 이런 말 한마디만 해줘도 지랄안해. 그냥 '고생했다 남자로 태어나서 힘들게 일하다왔네 군인들한테 고맙고 미안하다'뭐 이런 말 한마디만 해줘도 남자들 이렇게까지 난리 안남. 요즘 남자들이 화난 이유중에 물론 실제 제도적으로 차별받는것도 있지만 가장 큰건 여자들의(더 정확히는 페미들의) 태도임. 군대 안그래도 가기싫은거 뇌도 제일 잘돌아갈때 썩히는데 고마워하거나 미안해하지는 못할망정 비아냥대고 실제로 가라고하면 하루만에 질질짤것들이 군캉스 ㅇㅈㄹ하니까 화난거지..솔직히 제도적인 보상?그거 바라는사람 그렇게 많지도 않음. 최소한 정신적으로라도 인정을 해주라는거지
313285,2021,2,지역,생각정리’라도’ 잘 해야 군생활 그나마 알짜로 쓴다는 걸 저렇게 왜곡해버리다니..
313293,2021,2,여성/가족,여잔데 설령 그게 진실이라 하더라도 그렇게 말하는 여자애 있으면 걸러.. 곁에 굳이 왜둬
313297,2021,2,여성/가족,"남자들이 저말하는게 애초에 자기합리화하는거임ㅋㅋ...실제론 ㅈㄴ ㅈ같은데 ㅈ같다고 생각할수록 더 ㅈ같으니까 ""하..그래 생각정리한다고 치자""이렇게 된거지 진심으로 ""와!생각정리하려고 군대가야지 개꿀!""이러는 사람이 있을거라 생각하나?"
313304,2021,2,기타 혐오,에타라는  게시판 안에서 서로의 상황을 모르고 자기 기준으로 생각하고 말할수밖에 없는데 오해와 갈등이 생길수밖에 없다고 봄. 요지는 이안에서 잘잘못을 가리는 것이 문제해결에 무슨 도움이 되냐는 거임. 초등학생들이 다투고 서로 니잘못이크네 하는것같음. 나는 탈세충들만 제대로 잡아도 9~10분위들도 어느정도 지원 받을수있을거라 생각함
313318,2021,2,성소수자,3 되면 무악학사 게시판 리젠률 매일 폭발할듯
313385,2021,2,남성,왜 “185 훈훈 서문자취남 할 여자” 없어 형
313387,2021,2,여성/가족,여자=초기 게르만족이었던거네
313404,2021,2,기타 혐오,ㄹㅇ 개무식ㅋㅋㅋㅋㅋㅋ 그냥 댓글에서'나 멍청이요' 하는거같음 제대로모르고 꼴에 어디서 주워들은거 뇌피셜로 떠드는 부류 개싫다
313463,2021,2,인종/국적,익7 ㄹㅇㅋㅋㅋㅋㅋㅋㅋ 걍 아 귀촨궤 줭뫌 이러고 까먹을듯
313650,2021,2,여성/가족,대우관 파오후들이 1학기 기말쯤에 육수 오지게 뽑아서 음기 묻힘 ㄱㅊ
313660,2021,2,종교,양의 기운이니 음의 기운이니 풍수지리나 믿는 미개함 wwww
313670,2021,2,지역,안산이 유영철이 시체묻은 곳인건 알고있냐들? 밤이면 연희관 화장실에서 드르륵 소리나서 항상 kt텔레캅이 꽁꽁 잠가두던데
313674,2021,2,남성,이상하게 남자는 잘나도 못나도 외모가 우선순위인듯 아무리 돈 많아도 안예쁘면 존잘 만나서 결혼하기 힘듦
313677,2021,2,여성/가족,팩트) 현재 여성은 권리만 있고 의무는 없다
313680,2021,2,남성,팩트) 현대 남성은 의무만 있고 권리는 없다
313706,2021,2,여성/가족,저런 새끼들 때문에 페미니즘이 근절이 안되는듯
313707,2021,2,여성/가족,페미니스트 제조기들ㅋㅋ
313738,2021,2,기타 혐오,10분위가 1분위보고 거지새끼라고 해서 가만히 있던 사람들도 빡쳐서
313739,2021,2,연령,초딩들임? 수준이 연대가 아니라 개초딩들이네 ㅋㅋ
313761,2021,2,지역,꼬우면 지방내려가라 ㅋㅋ
313774,2021,2,기타 혐오,부끄러운지도 모르고 자랑하는 애들이 더문제 그런애들은 부모가 그런 혜택 찾아 누리는걸 당연히 여겨서 덩달아 당당함
313884,2021,2,기타 혐오,가난이 벼슬이냐 ㄹㅇ 말도 못 하게 하네
313895,2021,2,여성/가족,10분위는 다 10분위인 이유가 있다 뭐 소득 산정방식이 너네집만 차별대우 하겠니 ㅋㅋㅋ
313914,2021,2,연령,결혼강요하는거 틀딱세대말곤 없더라
313934,2021,2,연령,자식 없는 노년은 조금 무상하지 않을까?
313958,2021,2,여성/가족,"그럼 내집마련도 못하고 애한테 제대로된 경제적 지원도 해줄 수 없고 직장잃고 경력단절되는 상황일지언정 애는 낳아야하나? 저출생의 책임은 여성한테만 있는게 아니라고 본다...비혼남성도 많을뿐더러 애초에 제도적 지원이 시원치않음. 애낳아봤자 잘 키워줄수도 없는데 어케 애 낳으라고 강요만함,, 내일 아니라고 나몰라라가 아니라 내 일이기 때문에 출산을 기피할수밖에.."
313973,2021,2,남성,근데 미래세대때문에 내가 출산할 의무는 없는게 맞아보이지만... 여성성에 계급의식 느끼는 그분들은 군대갈 한남유충 왜안키우는지 나도 의문이다
313977,2021,2,여성/가족,..? 아니 비혼이 트렌드가 된게 문제점이 맞고 그 비혼을 주장하는 대부분이 페미니즘 영향을 받은 2030여자들인 걸 부정할 수 있어?
313985,2021,2,여성/가족,그리고 남자들한테 결혼할 여자가 없네 어쩌네 하는데... 아이를 낳았을때 경제적으로 충분히 지원할 수 있고 양육 능력이 충분해서 애낳고싶은 남자들은 알아서 결혼하고 애도낳음.. 여자들이 자기 입에 풀칠하기도 힘든 상황에서 애매한 남자만나서 가정꾸려서 구질구질하게 살고싶겟냐..? 남자들도 마찬가지고..
313991,2021,2,여성/가족,출산을 안 하니 굳이 결혼을 안하는 게 아니지. 출산을 하기 싫은데 같은 가치관이 맞는 상대가 없으니까 비혼을 하는 거고/ 그말은 즉 상대는 결혼을 해서 출산을 하고 싶어도 배우자가 출산을 거부하면 애를 낳을 수 없는 상황임. 그래서 애초에 출산 안하려는 사람이랑 결혼도 안 하려고 하는 거지. 남녀 비슷하게 애를 안 낳고 싶어하는 비율이 많다면 당연히 딩크족이 많겠지만 현실은 결혼하면 대부분 출산을 하잖아. 결국 출산하기 싫어서 결혼을 안하는 비혼선언 여성이 많아지면 그 비율만큼 출산을 하고 싶어도 못하는 미혼남성이 많아지는 거고
313994,2021,2,여성/가족,그냥 니가 취준해보고 초봉 받고 아파트 실거래가 한번 보고 계산기 두들기고나면 뭔말인지 이해할거다. 페미니즘은 개뿔ㅋㅋ 먹고사니즘의 문제인데 배부른 소리 한다
313997,2021,2,여성/가족,우리나라 출산율 1명대 초반인거는 2010년대 초반 된장녀 시절보다 더 오래된 일이거든요? 페미가 시간순서상 후자인데 자꾸 갖다붙이니까 비논리적이란거야
314000,2021,2,여성/가족,그게 시기상 이번정권 들어 경제가 ㅈ망해서 그렇게된거지 왜 페미 묻히냐고... 2000년대 초반부터 출산율 1명 초반대였다가 이명박때 반짝 올랐다가 다시 꼴아박은거보면 경제망해서 맞다고
314018,2021,2,여성/가족,"그거도 있는데 페미들 논리가 군대=출산인데, 출산율 0.7찍는데 어떻게 군대=출산인지 이해가안감. 선택과 의무도 구분못하는건지 원"
314019,2021,2,여성/가족,페미들 논리는 군대=출산 도 아님 걍 우리가보낸거아닌데왜우리한테지랄? 정부한테따지세요~ 거나 관심이ㅇㅇ
314021,2021,2,여성/가족,와 씹ㅋㅋㅋㅋ페미논리에 좋아요 30개씩 쳐박혀있는거보면 역하네 진짜ㅋㅋㅋㅋㅋㅋ
314073,2021,2,여성/가족,가장 의미를 잘 살린 번역은 '여성멸시'임. 근데 혐오가 눈에 확 띄니 알면서도 일부러 그렇게 번역했을걸
314077,2021,2,남성,그러면서 남성혐오는 정의조차 될수ㅋㅋㅋ
314111,2021,2,여성/가족,뭐 솔직히 여대 논란이 과하게 인신공격쪽으로 가는건 주의해야하겠지만 반대로 여대가 일방적인 피해자는 아니란거임. 실제로 세연넷에서도 이대 여론 양념질 하다 걸린거거든
314133,2021,2,여성/가족,여기 왤케 여대 혐오러들 많음
314157,2021,2,여성/가족,"난 친구가 성신여대인데 걔 폰으로 에타보고 놀랐던게 거기서 ""혹시 ~~ 아는 사람 있어? ㅠㅠ ""하면 애기어 쓰지말라고 욕먹음. 아무도 안알려주고 ㅠㅠ 썼다고 병먹금함 .. 나 여자고 페미니즘은 지지하지만 레디컬 페미니즘은 아니라고 생각하거든 근데 진짜 그거보고 와 시발.. 진짜 더 극혐하게 됨"
314190,2021,2,여성/가족,이대가 그렇게 뽑는데 이대를 까야지. 그리고 이 논리면 가지고 있는 악습은 다 가지고 있어야 됨. 애초에 여대 자체가 지금 시대에서는 시대착오적인 기관. 바로 없애지는 않아도 없어져야 할 기관 중 하나라고 생각
314202,2021,2,여성/가족,"한국 페미들이 이래서 역겨운 거임. 본인들이 부당한 대우 받는다고 주장만 할 줄 알지, 정작 본인들이 누리고 있는 혜택들에 대해선 자성의 목소리는 일언반구 없이 그저 입꾹닫. 내로남불이 기본 패시브임."
314204,2021,2,기타 혐오,"이대는 의대, 약대, 로스쿨 다 있음ㅋㅋㅋ 여자가 봐도 어이없어ㅋㅋ 경찰대도 성별쿼터 폐지하는 김에 사관학교랑 이대도 쿼터 반납하길"
314210,2021,2,여성/가족,"페미들은 뭐라는줄암? 여대로스쿨이 있지만 어차피 나이먹고 나중되면 남자가 시회적 강지라서 돈도잘벌고 잘나가지만 사회적 약자인 여자는 남자보다 차별받을거기 때문에 그건 차졀이 아니고 차별비용이다 이럼ㅇㅇ 다른예로 군대,데이트비용 더내는거도 차별비용이래 여친페미라서 앎"
314211,2021,2,여성/가족,근데 그 논리면 군대 갔다왔으면 이미 비용 지불한거니까 사회에서 군필 남자들이 군대 안 갔다온 여자들보다 설사 더 좋은 대접 받더라도 입 닥치고 있어야되는 거 아니냐?ㅋㅋㅋㅋㅋㅋㅋ아니 ㅅㅂ 비용 다 지불했는데도 왜 자꾸 사회에서 차별받는다고 지랄들인거지?ㅋㅋㅋㅋ가게에서 물건 살 때도 비용 지불한 사람한테만 주는거지 비용 안 내고 물건 가져가려는 놈은 도둑놈인건데
314275,2021,2,인종/국적,익5) 흑인들이 폭동 일으켰을 때 봐바. 지금이나 80년대나 무고한 희생자가 나옴? 안나옴?
314279,2021,2,인종/국적,그럼 저번 흑인들이 폭동으로 박살난 한인마트가서 지금 말한거 똑같이 말하면서 흑인들이 당신 가게를 부순건 정당한 행동이에요. 라고 말할 수 있음?
314291,2021,2,인종/국적,남한테 피해를 안준다는게 중요한듯. 쓰니가 말한 위법적 수단 때문에 아직도 미국이나 유럽 사회에서 흑인에 대한 인식이 좋지 않은 것 같음
314294,2021,2,성소수자,남한테 피해 안 줘야 하는 건 동의하는데 몇몇 사람들은 그냥 동성끼리 손잡고 애정표현하는 것마저도 피해 주는 걸로 취급하니까. 걔네들한테는 동성애자가 동성애자로 사는 것 자체가 남한테 폐 끼치는 행위임.
314295,2021,2,성소수자,ㅇㅇ 그 '피해감'은 개인의 자유고 뭐라 못함. 다만 그걸 빌미로 퀴어의 애정표현을 제재하려는건 허용될 수 21/02/24 19:59
314297,2021,2,성소수자,첫 번째로 소수자성과 그들의 존재 자체를 인식시키는 것이 목적인 시위가 존재함. 그리고 목적 달성이 실패한 시위는 그 시위의 실패로 끝날 문제이지 소수자 권리를 확대할 필요가 없다는 말의 근거로 부적합함
314298,2021,2,성소수자,"그렇다면 그 소수자의 기준과 소외된 자의 기준은 누가 정하는 거고, 어떤 기준으로 정해야하는거지? 같은 집단 내에서도 소수자가 교차성을 띠어서 소외받는 정도는 다 다르지 않나. 무엇보다 점잖고 조용하게 권리를 주장하지 않았을 때 생기는 피해는 어디까지 용인해야 하지? 나도 퀴어퍼레이드까지는 할 수 있다고 생각해. 하지만 근대 계몽 사상에서 국가가 출발한 건 사회의 예측가능성을 지키기 위한 것이고 그걸 위해서 사회와 제도가 존재하는 것인데, 너무 과격한 목소리내기는 오히려 사회 구성원의 자유와 권리를 해하는 방향으로 가지 않을까?"
314299,2021,2,성소수자,남매간 근친과 동성애간 차이점은 . 남매간 근친도 사회적으로 허용해야됨. 그치?
314301,2021,2,성소수자,"위계관계 얘기할까봐 모자간 근친, 부녀간 근친 얘기 안한거. 남매간 근친이 위계관계가 없고, 있다면 그 근거는 동성애에서조차 해당됨. 애초에 동성애만이 사회적으로 허용돼야할 소수자가 될 근거는 . 결국 동성애는 소수자중의 다수자이기때문에 존중받는거고 이것은 너가 말한 '더 큰 공리'에 해당 안됨."
314302,2021,2,성소수자,사회적으로 허용한다는 건 국가나 공권력이 나서서 막을 필요가 없다는 거지. 권장한다는게 아님. 동성 결혼이 허용된다는게 동성애를 장려하는 게 아님. 이미 있는 동성애자들이 결혼하는거지. 이성애자보고 동성애자가 되라는 게 아님. 남매 간 근친혼이 허용된다는 것 또한 남매끼리 근친하라고 조장하는 게 아님. 근친혼이 허용된다고 해서 근친 역겨워서 치를 떠는 사람들이 신나서 근친행위를 하겠음?
314303,2021,2,성소수자, 생각과는 달리 과격한 시위 없이도 현재 사회가 보장하는 제도 속에서 충분히 동성애 담론은 할 수 있다고 생각하고 지금까지의 퀴어 퍼레이드는 일단 충분히 외설적임
314304,2021,2,성소수자,"퀴어 퍼레이드는 대한민국의 상식선에서 판단할 때 외설적이었던 것이 맞음. 꼭 퀴어퍼레이드가 아니었더라도 그정도 수위의 대형행사는 언제나 사람들의 비판을 받았음. 퀴어 퍼레이드가 다른 욕먹은 대형행사들과 달랐던 점은, 다른 대형행사 참가자들은 비판의 화살이 쏠리면 조용히 아닥했던 반면 퀴어 퍼레이드 참가자 및 옹호자들은 어떤 근거로 비판을 했건 비판자들을 인권 무지자로 몰아갔다는 점이지."
314305,2021,2,성소수자,"한국 사회가 아직도 소수자들에 우호적지 않은 것은 사실이고, 소수자들이 직간접적으로 피해를 받았다는 것도 사실이지만, 그렇다고 폭력이나 위법을 동반하는 권리 주장이 옳다고는 생각하진 않음. 인권운동에 폭력이 동반되는 순간 그건 그냥 폭동이지. 내가 피해받았으니 타인에게 일부 피해를 끼쳐도 된다는 사상이 상식이 된다면 세상 범죄자들 몇이나 처벌할 수 있을까 싶음."
314308,2021,2,성소수자,게이 세력이 레즈비언 세력이 주도하던 페미니즘 운동에 참여하다가 팽당했다는 건 주워들었는데 그렇다고 레디컬 페미니즘처럼 하면 권리가 생길거라고 생각하진 않는게 좋을 거 같음. 페미니즘이 이렇게 흥할 수 있었던 건 돈과 표가 됐기 때문이지 페미니즘이 절대 진리여서가 아님. 돈도 표도 안 되는 게이 세력이 지금과 같은 상태에서 벗어나고 싶으면 주류세력과 연대해야하는데 지금 연대할 수 있는 주류세력은 젊은 남성세력밖에 . 근데 젊은 남성세력이 싫어하는 짓(남성외설 및 다 무시하고 본인 의견만 가르치려는 태도)만 하고 있으니 점점 고립되는 거 같음.
314313,2021,2,기타 혐오,그리고 솔직히 장애인이라 못 건드릴 거 알고 한 시위 아님? 다른 단체였으면 진작에 끌려갔지
314320,2021,2,성소수자,"퀴어 퍼레이드가 옳은지 그른지는 사람마다 다르게 생각할 수 있지만 퀴퍼가 여타 집단 행동보다 훨씬 행동거지를 조심해야하는건 확실함. 동성애의 사회적 인식이 매우 좋지 않기 때문임. 동성애의 권리는 보장받아야한다고 생각하고, 사회적 허용을 넘지 않는 선에서의 집단 행동도 중요한 권리지만 그걸 넘어서 대중의 호응을 바라는 거라면 퀴퍼는 그 심기를 거스르는 일을 하면 안되는거임. 안타깝지만 동성애에 대한 권리를 공개적으로, 크게 소리내어 외치는게 대중의 인식을 악화시킨다면 분명 대중이 잘못된 거지만 그것과 별개로 퀴퍼는 권리냐 인식이냐 선택을 해야지. 결과적으로 퀴퍼에서 다소 극단적으로 보일 수 있는 사건이 종종 일어났고, 대중의 인식은 옛날보다 더 부정적으로 변했음. 점잖고 조용하게 권리를 주장해야 하는지의 문제가 아님. 점잖지 않고 조용하지 않게 권리를 주장하는게 인식을 악화시키면 당연히 주장할 권리랑 사회적 인식 중에 선택해야지. 근데 행동의 목적이 인식 개선이면... 영리하게 대중의 심기를 거슬르지 않아야한다는 답밖엔 안나오네. 말하고 나니까 답답하긴하다."
314327,2021,2,성소수자,미워하는 걸 허락받고 해야하나? 동성애 옹호 = 배운사람 같은 같잖은 프레임질 하지말아줘
314329,2021,2,성소수자,ㅇㅎ~이성애자들 강간하구 클럽에서 문란하게 놀구 각종축제에서 깨벗고 놀던데 이성애자도 싹다 드러운거다 그럼? 피차일반이네
314342,2021,2,성소수자,그게 무슨 공연음란죄야 안 잡아가 퀴퍼는
314344,2021,2,성소수자,그래 가봤다 중딩때였나 우연히 옆에 지나갔는데 항문쪽에 구멍뜷린 팬티 입고 춤추는 씨발새끼 모습이 아직도 안잊혀짐. 그이후로 동성애자 혐오생겼다
314345,2021,2,성소수자,백만보쯤 양보해서 진짜로 퀴퍼가 외설적이라고 해도 그럼 욕설과 비방이 난무하고 사상자가 발생하고 코로나 퍼트려서 전 국민 가택연금시킨 극우 프로테스탄트(이렇게 부르먼 루터가 싫어하겠지만)집회는 왜 멀쩡히 하는 건지 설명 좀
314347,2021,2,성소수자,여러분 인터넷에 떠도는 퀴퍼짤은 몇년전 퀴퍼가 처음 열렸을때 당시의 사진들인데요.. 그때는 퀴퍼라는게 우리나라에서 열리는게 거의 처음이고 해서 행사 진행의 미흡과 참여자들의 행사목적에 대한 몰이해가 겹쳐 다소 외설적이었던것은 맞습니다 ㅠㅠ 팬티만 입고 돌아다닌다거나 같은 동성애자가 봐도 극혐인 짤들도 초기 퀴퍼때 언론보도사진입니다
314365,2021,2,여성/가족,뭘 왜야 여자만 뽑으니깐 특혜지;;
314383,2021,2,여성/가족,그럴 양심이 있는 종자들이었으면 애초에 페미가 이정도까지 성행했을리가 만무함
314430,2021,2,여성/가족,ㅇㅇ 좀 젊은 사람이나 여자나 국회에 늘어나야 함... 너무 똑같은 사람들만 정치를 해
314454,2021,2,여성/가족,보 : 보고싶어 부라알??
314464,2021,2,남성,무슨뜻임? 그냥 한남이 벌레다 이런뜻이려나
314465,2021,2,남성,댓글 분위기 상 어린 남자 미성년자 보고 미래의 한남 꿈나무다 이런 뜻으로 쓰는 거 같았어 난 여자지만 남동생 둔 입장에서 너무 불쾌했음
314470,2021,2,남성,한남충 에서 파생된 단어임 한남유충
314471,2021,2,남성,피씨방 가면 보x 창x이라는 단어를 상상도 못하게 응용해서 쓰던데 좀 걔네랑 거리두고 싶더라 ㅋㅋㅋ그런애들은 한남유충맞음 나한테만 트페미들이 한남 안거리면 되니까
314474,2021,2,남성,"근데 내가 꼰대일 수도 있는데, 아직 애들이 어리고 peer pressure 때문에 쎈척하려고 그러는거 아닐까?ㅜㅜ 나중되면 다 흑역사라고 부끄러워할거 같은데 어른이 애들보고 한남유충이니 룸나무니 하는거 나이 헛먹은거 같아보여"
314475,2021,2,남성,아니 한남유충이라는 단어를 그냥 쓰지마.. 진짜 저급하네;;
314477,2021,2,남성,한남 유충이라는 저질스러운 단어가...?
314496,2021,2,남성,그 대학 남혐굴 좋아요 1700개.... 반정도 일반화 ㅆ가능
314530,2021,2,여성/가족,내 주변 루트는 대충 존잘남한테 데임-> 자기한테 대쉬하는 남자들은 정작 안경낀 오타쿠같은 남자애들이란 사실에 절망-> 페미질시작
314533,2021,2,여성/가족,페미니즘의 죄악이 어떤게 있나요?
314540,2021,2,여성/가족,페미니즘의 목표가 양성평등이 맞을까...? 여성우월을 놓진 못할 것 같은데
314543,2021,2,여성/가족,그니깐 양성평등이란 허상을 겉에 발라 놓고 있으니...
314561,2021,2,여성/가족,ㄹㅇ..페미나 pc쪽 애들 몰려다니는거같음
314615,2021,2,인종/국적,헐 짱귀....ㅠㅠㅠㅠㅠㅠㅠㅠ
314627,2021,2,남성,애초에 여초남초 커뮤 수준 글이 연대 에타에 올라오는게 맞냐고 부끄럽다 진짜
314649,2021,2,여성/가족,페미가 극심한거까진 맞는데 왜 서열질을넣지ㅋㅋㅋ 그냥 저런애도 있는거지 저런사람있다고 학교망신까지가거나 여대애들한테 미안할거까지야ㅋㅋ
314656,2021,2,여성/가족,ㄴ걔네들이 다른 사람이겠니ㅋㅋ 입결은 입결대로 서열질하고 페미할때만 홀라당 편먹는게 한국페미임
314661,2021,2,여성/가족,남혐하는 페미들이나 여대혐오해서 저 딴글쓰는 애들이나 또 그걸 옹호하는애들이나 다 똑같은 인간들이지 ㅋㅋㅋㅋㅋ
314670,2021,2,여성/가족,여대 단톡방에서 지령떨어짐?
314683,2021,2,여성/가족,https://talk.op.gg/s/lol/free/1220479/얘들아-여대다니는-나온-애들은-그냥-다-걸러라
314687,2021,2,성소수자,"누가 조용히 페미하고 사회운동하면 뭐라하냐?? 사이비처럼 물들어가지고 다른 학교, 다른 성 패니까 문제지. 그리고 연합동아리 가보면 ㄹㅇ 꼴불견임. 그렇게 남성을 씹고뜯고물면서 왜 좋은 학교 남자만 보면 사귈라고 환장함?? ㅋㅋㅋㅋ 환장만 하던가 욕만하던가 하나만 해야될거 아냐!"
314692,2021,2,여성/가족,네 다음 페미
314697,2021,2,여성/가족,난 이게 더 역겨운데 진짜 나도 이러고싶지않은데 페미들은 ㅈㄴ 몰려다니면서 지들끼리 무한하잖아 그게 역겨운거임.여기 댓글만봐도 그냥 감정에 해서 따봉 쳐 누르는게 중간중간 제대로 이성적으로 글쓴애들보다 많음.
314701,2021,2,여성/가족,뭐만하면 메갈거리는 메갈무새들 찔리나보네 ㅋㅋ
314702,2021,2,여성/가족,메갈짓하는 여자들은 당연히 대부분 메갈이겠지 뭔 당연한 소리를 써놓고 팩트 이러냐 ㅋㅋㅋㅋㅋ 밥을 먹는 사람은 대부분 식사중인거겠지 ㅋㅋㅋ
314704,2021,2,여성/가족,여대 까면 일베행ㅋㅋㅋㅋㅋㅋㅋ 여대가 무슨 대한민국 제16대 대통령이냐
314708,2021,2,여성/가족,근데 여대애들이 왜 약자야? 각종혜택 쏟아받으면서 (의대 약대 로스쿨 등) 강자라고 일컫는 남자 개까는데 그냥 여자라서 약자임? 얼마나 쏟아부어줘야 동등하다고 볼 수 있는거임?
314710,2021,2,기타 혐오,일단 내생각을 말해보면 너가 말한 각종 혜택은 소수만 얻게되는 것 아닐까? 약대 의대 로스쿨 이른바 전문직들이 여자를 대변하는가? 에 대해 생각해보면 좋겠어
314719,2021,2,기타 혐오,White Supremacy White Feminism 나오는거보니 딱 좌파 견적 나오는구나
314722,2021,2,여성/가족,"그리고 익64) 각종 특혜 줘, 성범죄 사건에서 여성이 불리하다고 판단, 입증책임을 사실상 피의자로 넘겼어(무죄추정의 원칙 훼손), 행정부에 담당부처도 만들어. 동시에 차별적 징병은 국민의 중대한 기본권 침해가 아니지만(ㅋㅋ) 군가산점제는 여성 등 미필의 중대한 ㅋㅋㅋ 기본권을 침해해서 위헌판결 나. 이것도 부족하다면 우리사회가 어떤 부분에서 얼마나 더 특혜를 줘야지 남녀가 비로소 동등하거나 그에 준하는 평등을 이룬거임? 여성이 완전히 사회지배층을 장악해서 새로운 강자가 될때까지? 이전에 이미 부여한 특혜를 회수하자는 것도 아니고 더이상 아직도 사회적 약자라는 뻔뻔한 주장은 하지말자는거야. White feminism 얘기는 논점을 좀 벗어난것같고."
314726,2021,2,여성/가족,지금 많은 사람들이 PC에 미쳐서 너의 사고방식에 학벌주의 여대혐오는 문제성이 있지 않아? 라고 말하기 보다는 너 일베지 너 메갈이지라고 집단의 정체성을 확인하잖아? 개인적으로 이것또한 문제의식 가져야 한다고 봄 설득이 사라지고 검열만 가득해졌어
314730,2021,2,여성/가족,팩트는 여대까는 애들은 다 남자중에 찌질이 루저라는 것임ㅋㅋㅋ 연대까지 와서 굳이 자기보다 낮은대학을 왜까냐? 연대 안에서 서열 ㅎㅌㅊ 찌질이 루저니까ㅋㅋㅋㅋㅋ 여대애들이랑 안사귀면 그만인데 왜 까냐? 연대녀들이 안사겨주니까 만만한 여대애들한테 저러는거 아녀
314753,2021,2,여성/가족,현실에서 저런 소리 씨부리는 남자가 요새 있긴함?
314771,2021,2,남성,ㅋㅋㅋㅋㅋㅋㅋㅋ남성이 가해자인 경우가 많다고 남성을 잠재적 성범죄자로 몰아가는데 가만히 있어야됨? 오늘 영상 안봤다니까 뭐라 하지는 않겠는데 여자애 일상 따라가면서 남성들한테 성추행당하고 스토킹 당하고 이런거만 계속 나오고 여성학회 교수님들 나와서 젠더 권력이 어쩌고 이러는데 당연히 기분 불편하지ㅋㅋㅋㅋ 난 효과가 없다고 뭐라하는게 아니고 내용이 엿같아서 그럼 진짜 어차피 효과 없는건 다들 아는데 어쩔 수 없는 거니까 청소년 담배클리닉 갔다 온다고 담배 끊냐?
314776,2021,2,성소수자,정상적인 성교육 폭력예방교육은 당연히 좋지ㅇㅇ
314809,2021,2,성소수자,이성애자인지 바이인지 게이인지 그런건 알 수 없겠지만 성적만족을 위해 성폭행하는 경우보다 수치심 주려고 성폭행하는게 많은듯
314819,2021,2,기타 혐오,이성애는 정신병
314844,2021,2,기타 혐오,고졸도 사시 붙었다. 그게 노무현이다. 논리 수준 봐라
314884,2021,2,여성/가족,된장녀 소리 들어가고 사람뽑을때 여자들 점수 일부러 뺀 기업들 감사 걸리는거 보면서 다행이라는 생각듦
314885,2021,2,여성/가족,"김치녀, 된장녀랑 일반여성이랑 다른데?"
314897,2021,2,여성/가족,내가 만약 여자면 극성 페미들 설치는거 속으로 개이득 이럴거 같음 겉으론 극혐하는척해도 나라가 여성우대 정책을 ㅈㄴ 장 만들어주잖아. 그 최종 종착지가 패망일지 아닐지는 결국 모르지만 지금 살아가는데 있어서는 개이득 볼듯
314898,2021,2,여성/가족,"여잔데 극성 개싫어 사회운동이란게 대중의 지지를 받아야 결국 성공할 수 있는거라 보는데, 래디컬은 주장 자체도 실상 남혐에 개소리지만 바람직한 페미니즘을 대중들에게서 괴리시키고 거부감 들게 함. 나도 그래서 페미가 욕이 된 순간부턴 심란해서 그냥 관심 껐다.."
314900,2021,2,남성,당연히 있지ㅋㅋㅋ 그런 면에서 페미는 사회에 해악 다 끼치고도 물의는 다 레디컬이 일으킨 거라며 좋은 것만 취하는 능력이 특출남.
314908,2021,2,남성,ㅋㄱㅋㅋㅋ아니 차별 다 있는거 인정하는데 그래서 그 임신한 부모들이 아들 가진거 알면 실제로 지울 생각을 하겠냐? 아니면 낳고나서 니가 딸로 태어났어야 하는데 하면서 꼽주기라도 함? 남자라고 교육 안시키고 재산 안물려줌? 아들 둘이 장난 많이 쳐서 키우기 힘들어요~해도 다 지새끼라고 예뻐하고 부둥부둥하지 너무 당연한건데 뭔 한남유충 어쩌고하는건 실제 애부모도 아닌것들이 커뮤에서 염병하는 건데 그걸로 남성차별시대 어쩌고 하는거 개웃기네
314910,2021,2,남성,그래서 여자라 애 지우고 그러는게 현재 실태이고 존재하는 차별임? ㅋㅋㅋ 난 실제로 딸이었으면 어땠을까 라는 말 어머니께 들었음 그리고 한남유충이라 남성차별시대라고 난 한적 없다 댓글 똑바로 봐 딱봐도 분탕충인데 지금은 남성차별시대 맞다 예전엔 여자가 차별받았지만
314913,2021,2,남성,"맥락파악 비교 근거같은 소리하네 ㅋㅋㅋㅋ 내가 뭘 비교했는데 처음에 아무것도 비교한적 없어 뜬금없이 현재 일어나지도 않는 말도 안되는 일 가지고 와서 비교한건 너야 너 ㅋㅋㅋㅋㅋ 나는 현재 그냥 있는 현상을 얘기했지 거기에 내가 한적도 없는 말 가지고 뇌내 망상 풀가동 on 해서 ""한남유충~~ 그걸로 남성차별시대 어쩌고 하는거 개웃기네"" 라고 댓글 달았잖아 진짜 지능 딸리네.."
314914,2021,2,여성/가족,옛날에 스타벅스 가는 여자는 된장녀라는 인식 있었던거 생각하면 어떤 면에서는 사회가 나아졌다는 생각하긴함 ㅋㅋㅋ
314916,2021,2,여성/가족,아직도 남편돈으로 스타벅스가면서 밤에는 바가지 긁는 아줌마들 수두룩한데:; 귀찮아서 욕 안하는거 이제 ㅋㅋ
314921,2021,2,여성/가족,미안한데..10년대 초반에 있던 '된장녀'의 주 대상은 20~30대 젊은 여성들이었음. 스스로 돈을 벌어서 사먹을 확률이 높단 뜻이겠지? 그런데 그때 스타벅스 커피가 뭔 명품백이라도 되는마냥 깠던게 사실이고.
314922,2021,2,여성/가족,지금은 전업주부 '아줌마'들이 스타벅스 가는게 싫은가본데.. 뭐 그것도 까기 지겨워지면 다른 대상으로 옮겨가겠지? 피곤하긴 하겠지만 너 자유라고 생각할게
314926,2021,2,기타 혐오,나도 물론 남자애기는 태어나자마자 죽여야한다느니 애비충 어쩌구 하는 애들은 극극혐
314928,2021,2,기타 혐오,쭉빵 이대 숙대 한번에 걸러지네ㅋㅋ 이거 가성비뭐냐
314965,2021,2,남성,타대지 자대냐?
314986,2021,2,연령,아ㅋㅋㅋ 틀딱 인증해버렸네
314987,2021,2,연령,어르신들 그만 주무십쇼
315003,2021,2,연령,연돌이 세순이...틀딱 용어인가보오
315012,2021,2,여성/가족,완전 페미에 미쳐버린 집단 / 페미성향+된장 끔찍한 혼종 / 이들로 인해 너무 힘들어하는 정상인들 이렇게 세부류로 딱 나눌수 있음
315014,2021,2,남성,가운데 부류는 진짜 함께 있는 사람을 너무 힘들게 함. 만나면 남자/의사/돈/결혼 + 한남/여혐 어쩌고~~ 대꾸를 안하는게 상책임 ㅋㅋㅋㅋㅋ
315024,2021,2,기타 혐오,교직원들(교수 말고)도 철밥통이라 쉬운 일만 하려하고 일 만들어서 절대 안함.
315037,2021,2,여성/가족,머 불법 촬영 같은건 공학에서 발생하는 일이니깐 걔네 입장에선 ㅈㄴ 별나라 얘기 같겠지...어차피 여대도 완전한 성평등 시대가 오면 사라질 곳들이니 걍 완전한 성평등을 위해 노력하면 됨
315042,2021,2,여성/가족,그치.. 남성이 차별받는 시대에서 성평등을 이뤄야 여대가 없어지겠지
315074,2021,2,기타 혐오,이제 또 주요 레파토리인 군가산점 폐지는 장애인 남성이 한건데 나온다
315096,2021,2,여성/가족,여자대학교가 국가기관도 아니고 국민이나 일반대중의 여론을 왜 따라가
315118,2021,2,기타 혐오,여자가 봐도 불공평한 학교임 그냥
315146,2021,2,여성/가족,"일단 여대는 기회의 평등이 주어지지 않음, 그러나 결과는 가져감. 여기서 불공평하다는 생각이 들지 않는다면 익7이 억지부리는 것이라고 생각함. 사립이라 대학에서 알아서 할일이고 간섭하면 안된다는 논리도 기회의 평등이 주어졌을 때 얘기라고 생각함. 태생적 한계로 입학을 제한하지만 사회에서 제한된 자리를 차지한다는 것은 불공평한 것 맞음. 심지어 기회의 평등이 보장된 사기업, 공무원, 군, 경찰도 결과의 평등이 충족되지 않는다는 이유로 페미니스트들에 의해 지탄 받아서 여성할당제와 같은 강제 조정이 들어갔음"
315147,2021,2,여성/가족,"여대가 불공평하지 않으려면 대학을 졸업하는 것만으로도 그 직업을 갖게 되는 전문직들(로스쿨, 의대, 치대, 약대 등) 즉, 국가 정책으로 자리가 제한된 학문에 대한 학부를 폐지해야한다고 생각함."
315158,2021,2,여성/가족,아 그럼 혹시 여대 없애면 여대 공대갈 친구들이 일반 대학교 공대로 진학할거니까 그렇게 얘기한거?
315160,2021,2,여성/가족,근데 여대 없애도 연세대 공대 성비는 똑같을거아냐 ㅋㅋ
315161,2021,2,여성/가족,ㅋㅋㅋㅋㅋㅋ 걔네 우리학교 못옴 그리고 여대 인원 다해봐야 전체 서울권 공대 성비 얼마나 오르겠어 없애도 똑같을걸
315162,2021,2,여성/가족,근데 여대는 시대착오적이라 가만 냅둬도 알아서 추락하다 사라지지 않으려나 애초에 남녀 같이공부 못하는 씹선비들때문에 생긴거였자너
315167,2021,2,여성/가족,난 여대 찬성임 ㅍㅁ들 알아서 여대로 모여주고 정상인들은 알아서 탈출하고 있는중이라 몇년만 더 지나면 여대출신이라 하면 자동으로 거를수 있게 되잖아 ㅂㅅ들은 ㅂㅅ들끼리 모아놔야지 방생하면 안됨
315172,2021,2,여성/가족,하는 꼬라지보면 반은 꼴페미 먹고들어갸는듯
315185,2021,2,여성/가족,나도 극성페미 ㅈㄴ이해안되고 걍 극혐인데 솔직히 평소 에타나 여기 댓글들에 무조건적인 여대와 여대 학생에 대한 혐오가 판치는거에 질렸다 진짜... 너네가 아무 생각 없이 내뱉는 혐오발언들 딱 스카이 아닌 사람들이 스카이학생들은 기득권층이고 공부만 할 줄 알지 인성 빻은 애들이라 생각하는거랑 똑같은 거임 그리고 가 남대는 못들어봤다고 했는데 일단 여대가 생기던 과거에는 일반 대학교를 남대라고 봐도 무방할 정도의 성비였기 때문에 일반 대학교가 굳이 남대일 이유가 없었음 이후로는 여대의 메리트가 떨어지는 것과 같은 이유로 남대자체의 메리트가 없기 때문에 굳이 경쟁력 떨어지는 선택을 하지 않았기 때문이고 이건 불공평이 아니라 설립재단의 선택이었던 거임
315189,2021,2,여성/가족,여대에 대한 혐오가 증가한 것은 몇몇 여대들이 해온 행태때문이라 볼수 있지.
315190,2021,2,성소수자,개인적으로 트젠 입학거부가 제일 크리티컬하다고 본다. 그외로는 자주 들려오는 여대 분위기 각종 시위 이런것들도 한몫하고
315191,2021,2,여성/가족,여대 폐지만 유독 건학이념이니 사립대 고유권한이니 하면서 싸고도냐
315394,2021,2,인종/국적,제발...더 이상 문송해지기 싫어
315588,2021,2,남성,그 글이랑 이 댓글에 개추 하나씩 드리겠습니다
315690,2021,2,여성/가족,댓글진짜 사회부적응자들이냐 역겨운 빠돌이빠순이 새끼들
315827,2021,2,여성/가족,4번째련이 젤 개간년아니냐 6살부터 남몰래 폭행을 저지르고 다니는거 같은데
315858,2021,3,성소수자,케인은 16번에서 걸러짐
315998,2021,2,인종/국적,개고기송은 팬들이 불러줬는데 힘난다고 하는게 솔직히 팬 입장에서는 아쉽지 ㅇㅇ 논문은 잘 모르는데 찾아보겠음
316121,2021,2,기타 혐오,내 인생 망칠만큼 괴롭힌 새끼 . 군대에서 내 부모욕 한 상병새끼 바로 대가리잡고 찍어팻는데. 소대장 및 중대장 전부 내 편 들어줌. 괴롭힘 당하면 적당히 참다가 들이박는게 정상아님?? 들이박앗는데 정의가 나한테 잇으면 주변에서 내 편 들어주는데
316126,2021,2,기타 혐오,진짜 군대썰 보고 믿고 거름ㅋㅋㅋ 대가리 잡고 찍어팼다고?ㅋㅋㅋㅋㅋㅋ 아무리 위에서 잘못해도 그 정도 하극상 벌이면 좆됨ㅋㅋ 미필새끼가 군대 안 가본 티내네ㅋㅋㅋㅋㅋㅋ
316128,2021,2,기타 혐오,나한테 부모욕한 그 정신병자새끼는 gop에서 나중에 다른 부대원이랑 싸우면서 실탄장전하고 겨눈 새끼임. 그런 새끼도 근무인원 부족하다고 하사까지 시킨 곳이 내가 있던 곳이다. 내가 멱살잡아도 되는 상황이니까 옆에서 내 편드는거임. 뭔 지들 군대만 군대인줄아나
316300,2021,2,지역,ㄹㅇ 신기함 좋은학군은 연고대급 올 정도로 잘해도 타겟인가? 적어도 우리 똥지방 똥동네에서는 싸가지없게 행동하거나 사회성 떨어지는 모범생 있어도 절대 괴롭힘은 안 당했음.
316312,2021,2,지역,침착맨의 고향 안산드레스 ㄷㄷ
316319,2021,2,기타 혐오,자사고 출신인데 애초에 진짜 노답애들은 걸러져서 학폭이라 할만한 일이 없었음
316567,2021,2,연령,늙은이맞음...?
316637,2021,2,기타 혐오,요즘에 이런거보면 무섭다 나 개폐급 관심병사될텐데 1년반동안 어떻게 지내냐
316678,2021,2,여성/가족,근데 구조적으로 여자들이 나쁜남자들한테 끌릴수밖에 .
316679,2021,2,연령,1.일단 보통은 첫연애는 10대중후반에서 20대초반인데 그 나이대에 인기있는애들은 착한남자라기보단 좀 노는애들임.
316680,2021,2,남성,2.착한남자들은 매력이 .여자의 본능상 무해한 남자는 매력이 안느껴짐+다른여자들한테도 다 착하게 굴어서 더 감점
316681,2021,2,여성/가족,결국 이 굴레는 여자들이 아 얘는 나쁜남자가 아니고 쓰레기구나 를 스스로 식별하지 못하는이상 계속 반복될듯
316689,2021,2,남성,나쁜남자란게 머야 잘생기고 또?
316716,2021,2,여성/가족,그래서 구조적으로 여성이 맘 강하게 먹지 않는이상 이게 무한반복되는거지..여자의 본능은 나쁜남자에게 끌리게 되어있으니까
316719,2021,2,여성/가족,"내가볼때 남자여자를 떠나서 그냥 나쁜사람 특유의 자신감이나 뻔뻔함같은게 매력이 있어서 기본적으로 인기가 많은데, 이렇게 나쁜사람에게 끌리는 사람보다도 어떻게든 선량한 알짜배기 이성 만나려고 눈에 불을 켜고 찾는 사람들도 많은거같음.... 걍 착하기만한 찐따면 인기없지 당연히 ㅋㅋㅋㅋ근데 정신이 건강하고 선량하고 위트있는 사람이 더 인기 많지 여자는 본능적으러 나쁜남자에게 끌린다 이건 좀 아닌듯"
316722,2021,2,여성/가족,본능적으로 나쁜남자한테 끌린다는게 쓰레기한테 끌린다는게 아니라 나쁜남자가 가지고 있는 '특징'들이 여자들의 본능을 자극하는거
316724,2021,2,여성/가족,그냥 여자는 약한남자한테는 관심이 .근데 나쁜남자는 일단 강해보이고 자신감이 넘쳐보임. 그리고 이건 부정할지 모르지만 유해해 보이고. 그래서 끌리는거. 그레이의50가지 그림자가 대 페미시대에 판매량이 그정도 나온거는 유해한 남자를 여자의 본능이 끌려함. 그렇다고 여자한테 막대하는걸 정당화하는건 아님. 그냥 현상일뿐인거는 알아줬으면 함. 여자의 본능은 야수를 길들여서 나에게만 충성하는 애완동물로 만들려고함. 그래서 야수(나쁜남자)를 끌려하는거
316741,2021,2,여성/가족,여자들아... 제발 잘해주고 진실한 남자 만나라. .ㅋㅋ 연애규칙 그런거 공부하지 말고 ㅌㅋㅋㅋㅋ
316750,2021,2,여성/가족,나 나쁜데 착하니까 여자들 나한테 와♥♥♥♥
316769,2021,2,기타 혐오,성균관대 ㅅㅂㅋㅋㅋㅋㅋㅋㅋㅋㅋㅋ꼰대냐
316770,2021,2,기타 혐오,동국대 ㅋㅋㅋㅋㅋㅋ역시 불교학교답다
316811,2021,2,성소수자,성이 저질 쾌락이라는 것부터 안쓰러울 뿐
316812,2021,2,성소수자,성이 저질 쾌락이라는게 아니야 못생긴 사람들의 성에서 오는 쾌락이 저질이라는 것일뿐이야. 못생긴 사람들의 성에서 얻는 쾌락이 아이들이 낙서할때 느끼는 즐거움이나 덧셈뺄셈문제 받았을때 느끼는 성취감이라면 잘생기고 예쁜 사람들의 성에서 얻는 쾌락은 시대에 마스터피스로 남을 걸작을 완성하거나 누구도 답을 구하지 못한 수학적 문제를 해결한 후에 느끼는 성취감처럼 그 수준이 다르다는 거지
316816,2021,2,여성/가족,"못생긴 커플도 있긴 하지만, 애초의 커플들 외모 평균이 한국 평균보단 뛰어남ㅋㅋㅋ너무 왜곡되고 부정적인 방향으로 생각하지 말고 운동 열심히 하고 피부 가꿔봐"
316823,2021,2,남성,난 야동도 일부러 못생긴 남자가 나오는것만 보는데. 몸좋고 잘생긴 남자 나오면 하나도 안꼴림.
316825,2021,2,남성,못생긴 돼지랑 하는거 극혐. 너무 판타지같아서.. 현실에서 누가 못돼랑 av 배우급 외모 몸매를 가질수 있을까? 그래서 서양쪽만 보게 되더라고
316943,2021,2,기타 혐오,없던게 더이상한법인데...의사들도 일단 떼쓰고보네ㅋㅋ떼쓰면다들어주는나라니까
316947,2021,2,기타 혐오,"근데 그럼 의사말고 간호사, 변호사, 회계사 등등은 이미 하고 있는데? 이 직업들은 파업할 줄 모르고 법 몰라서 이 법 적용받고 있는건가? 그리고 결국은 정부랑 매번 합의보더만 이번 국시시험건도 그렇고"
316973,2021,2,기타 혐오,"내가 간호학과 아닌데도 진짜 간호사가 필수인력, 대체가능한인력이라는 애들 이해안감. 애초에 의학, 간호학 따로 있고 둘이 면허도 아예 다른건데ㅋㅋ"
316975,2021,2,기타 혐오,"의사인지 의대생인지 선민의식 사로잡혀서 ‘국평오’, ‘미개한 놈들’ 아무렇지도 않게 쓰면서 지지하는 사람들 정부에 선동당한 사람 취급이나 하고있고 ㅋㅋ"
317033,2021,2,인종/국적,프랑스에서 지금 의사들같이 굴었으면 바로 광장 끌려가서 저세상행 ㅋㅋ
317106,2021,2,연령,애새끼들 진짜 금고형 이상이 얼마나 받기 힘든건지 모르네 자칫 잘못해서 실수로 금고형 받을 수 있다는 거 자체가 말이 안 되고 이제까지 수십년간 다른 그런 법 적용받아온 다른 직종들은 항의할 줄 모르는 바보냐? 수긍할 만한 법이니까 인정한거지 의사들부터가 애초에 다른 직종과는 다른 대우를 받고싶은 특권의식이 있는거지. 내 면허는 변호사 회계사 다른 직종과 달리 너무 소중하고 고귀해서 좀더 완화된 기준을 받아야해! 고시 변호사 변리사 회계사는 금고형 걸려 직업 박탈 괜찮지만 난 아니지!
317146,2021,2,인종/국적,"당장 중고등학교 한국사 책만 몇번 읽어보고 한국에서 학교 나온 학생들에게 물어보면 공녀에 대해 조필립스 교수가 저 글에 써놓은 부분보다는 잘 알 것 같은데 perhaps most disconcertingly students have little, if any, awareness of South Korea's state sponsored sexual labor before and after Japanese colonization. 이라고 말하며 바로 고려 조선 시대 공녀를 내세우는 건 미국 애들한테 너네 아직도 인종차별 중이지?"
317147,2021,2,인종/국적,"미국 애들은 노예제도에 대해 지식이 부족해라고 말하는 논리 같음. 학문에 대한 토론의 자유는 한귝에서 꼭 필요한 것 같지만, 한국인을 xenophobic한 사람들로 몰아가면서 한국어도 전혀 못하는 조필립스 교수가 잘못된 근거를 내세우며 남한에 기반을 둔 교수라고 말만 하는 건 상당히 문제가 있어보임."
317151,2021,2,인종/국적,"""일본과의 사적인 연관성을 이유로 램지어의 학문적 진실성을 공격하는 것은 비생산적이며, 외국인 혐오증처럼(xenophobic) 들린다"""
317170,2021,2,인종/국적,"내가 교수님이 무슨 의도로 xenophobic이라는 단어를 썼는지는 모르겠지만, 여기서 xenophobia라는 단어가 우리나라 말 ‘외국인 혐오’랑 같은 뉘앙스인지는 잘 모르겠음. It is an expression of perceived conflict between an ingroup and an outgroup and may manifest in suspicion by the one of the other's activities, a desire to eliminate their presence, and fear of losing national, ethnic or racial identity -오히려 이 문장의 느낌에 부합하는듯."
317200,2021,2,종교,9광신도
317249,2021,2,인종/국적,연세대 졸업생 혜택 중 거의 유일한 혜택이었는데.. 이걸 구글이 해처먹네..
317271,2021,2,연령,우리 학교 분위기상 3학년부터 틀딱 분류 -> 후배랑 노는거 주접으로 여겨져서 불가능. 3학년 이상이 과대하는 진짜 몇 없는 과나 가능할듯.. 요즘도 3학년 이상이 과대하는 과가 있는진 모르겠넹
317283,2021,2,인종/국적,한국은 중국의 속국이니 한국인인 윤동주도 중국인이지 암
317286,2021,2,인종/국적,짱깨새끼들 진짜 가스실 보내고 싶네
317291,2021,2,인종/국적,ㄹㅇ 짱깨들 다 시멘트에 머리 담궈서 숨쉬었으면
317358,2021,2,인종/국적,여긴 진짜 걍 다 맛있음 ㅋㅋㅋ 중국에서 유학 오래하다 왔는데 찐 중국맛
317562,2021,2,인종/국적,역시 한국인 외국에선 상상불가 굿
317740,2021,2,여성/가족,페미끼리 맞장구치면서 이야기하는게 준내 역겨움
317879,2021,2,기타 혐오,"'알 권리' 운운하면서 연인의 모든 것을 알려고 하는 애들 보면 연애 안해봤거나, 자존감이 낮거나 둘 중 하나임. 상대방에 대해 모르는 게 있으면 불안해지니까, 모든 걸 알아야 성에 차는거지"
317891,2021,2,성소수자,연애 해본거 맞지? 연인 앞에서 단 하나의 거짓말도 안한다고? ㅋㅋㅋㅋ 여긴 다들 성인군자밖에 없는거야?
317959,2021,2,여성/가족,페미들이랑 어떻게싸울지 눈에 훤해.. 우리나라는 절대 못하지
317967,2021,2,여성/가족,합법화 되면 여성시점도 좀 많이 만들어줘라ㅡㅡ 나도 몸좋고 핫한 남자들 하는 거 여자 시점으로 보고싶어 일본꺼에 못생기고 몸안좋은 남자들 나오는거 짜증나ㅡㅡ
317980,2021,2,연령,금지까지 갈 필요도  어차피 얘같은 꼰대들 우리나라에 차고 넘쳐서 방송국에서 무서워서 출연시키지도 못해
317981,2021,2,여성/가족,아니 근데 창녀창남 비유를 해서 그런데 av 본적있는 사람이 av 배우 비도덕적이라고 잣대 가져다대는 거 모순이야... 성구매자는 성판매자랑 마찬가지로 욕하잖아 그 잣대라면 av 보는 사람도 tv 나오면 안되는거지...? 익34랑 익27은 av 배우 비도덕적이라고 생각하나본데 설마 본인들도 본 적 있으면서 그런 이중적인 잣대 가져다대는 건 아니었음 좋겠다 av를 성매매로 비유할 거면 av 돈주고 사는 사람도 성구매인 셈인데 성구매자가 성판매자 비도덕적이라고 욕할 수 없다고 생각해 av 영상은 좋다고 보면서 배우는 욕하는 사고방식이 내 생각엔 더 기형적이야...
318000,2021,2,기타 혐오,지금 너도 소수자 배제하네
318002,2021,2,기타 혐오,혐오와 차별을 조장하는 건 니들 행동이고 무식한 것들아 ㅋㅋㅋ 이 새기들은 지들은 존중받길 원하면서 타인 생각은 존중할 줄을 모르네
318004,2021,2,성소수자,그럼 현재의 퀴어 차별과 혐오가 옳다는거야? 사과대라도 목소리 내야 하는거 아니야?
318017,2021,2,성소수자,이 글이 어떻게 퀴어 차별이 옳다는 소리가 되냐ㅋㅋㅋㅋ은근슬쩍 혐오 발언으로 몰아가지마 논점이 그게 아닌데;
318030,2021,2,성소수자,대표 뜻이 뭔지 모르나 말그대로 *모든* 학생들을 대변한다는 것인데 학생들 의견 취합도 안한채로 마치 구성원들 다 동의한 것처럼 나가서 깃발 휘두르는게 상식적으로 보임? 자기 억압받는 것밖에 생각 못하지? 차라리 나 퀴어인데 다른 사과대 학생들 입장에서 그 사건은 충분히 기분 나쁠 것 같아서 내가 다 속상했다 했으면 응원을 받았을텐데. 존중을 받고싶으면 너도 존중할줄 알아야지
318031,2021,2,성소수자,나도 퀴언데 그때 불편했는데? 너 댓글보면 퀴어들 다 퀴어축제 찬성하는줄 오해받기 쉬우니까 댓글좀 내려줘라 ㅇㅇ;;
318032,2021,2,성소수자,소수자면 일방적으로 이해를 바래도 된단 마인드 역하다... 그게 소수자의 권리이자 다수자의 의무임?
318033,2021,2,기타 혐오,논점 흐려놓고 비판 받으니 억압받는 소수라서 예민 이ㅈㄹ.... 없던 욕도 긁어서 먹을듯
318036,2021,2,성소수자,"동성애 혐오가 아니라, 논의를 해봐야 하는 사안에 대해 단과대 학생들의 동의 없이 학생대표라는 사람들이 지멋대로 깃발가져가는게 빡치는거지"
318069,2021,2,연령,급식들 레크리에이션에 익숙해져서 그럼 ㅇㅇ
318139,2021,2,여성/가족,피씨충 페미 판치는 것만 봐도 답나오지 않음? 그거 두개가 전형적인 선민의식의 결정체잖아
318389,2021,2,여성/가족,썅년들
318419,2021,2,여성/가족,"저는 교직부에서 일처리 잘못해서 학점 비어가지고 한 학기 더 다녔어요. 졸업하기 1년 전에 찾아가서 졸업심사 받았을 때 A,B,C,D만 들으면 된다고 했는데 한 학기 뒤에 갑자기 E도 들어야 된다고 말 바꿈. 심사 받을 때 적어준 종이까지 들고가도 모르쇠 안돼. 돌아가. 진짜 썅년들 머리박고 뒤져야지"
318724,2021,2,기타 혐오,"시스템 이용하는 국제대생들이 밉진 않아. 멍청한 학교시스템이 맘에 안드는거지. only수업 정원 양보하고 영강 몇개 first 얻은게 아니라, 영강 죄다 first야 이제"
318830,2021,2,남성,"저세상은 아니구...근데 어제 귀순자 넘어와서 자대갈때쯤엔 훈련, 경계근무 개빡셀듯"
319044,2021,2,종교,"조교들 죽어나갈듯... 그래두 어느정도 유도리 있는 증원은 해줬으면,,,"
319113,2021,2,인종/국적,중국인 컷!
319144,2021,2,기타 혐오,학교가 일반 학과 두 배는 되는 등록금 받으면서 국제대 기생학과 만들어논 것도 좀 심각한 일인 듯;; 이게 무슨 일이야
319166,2021,2,인종/국적,어떻게 경제학부가 국제대 시스템의 수혜자라는 댓글이 추천을 26개나 받을 수가 있음? 국제대 기생충들 알까기 전에도 영강은 많았고 오히려 그땐 절평해서 더 좋았는데 진짜 국제머 애들은 논리수준이.. 고작해야 등록금 2배짜리 흑두루미들이면서 뭔 인당 20억씩 기부라도 한거마냥.. 절레절레
319582,2021,2,여성/가족,여자는 마른 게 진리 같다
319809,2021,2,연령,불꽃 15 틀딱 지나갑니다
320003,2021,2,남성,노놉 에어포스 걸릴뻔한거ㅋㅋ 고추바사삭 걸림
