0,1,2,3,4,5,6,7,8,9,10,11,12,13,14,15,16,17,18,19,20,21,22,23,24,25,26,27,28,29,30,31,32,33,34,35,36,37,38,39,40,41,42,43,44,45
이슬람교,의식,성경,성수,십자가,소품,배경,파멸,분위기,연출,흥행,대성공,시리즈,제작,,,,,,,,,,,,,,,,,,,,,,,,,,,,,,,,
노총,버러지,천명,마스크,시위,백신,접종,이용,종교,시설,종교,예배,자유,,,,,,,,,,,,,,,,,,,,,,,,,,,,,,,,,
접종,이참,교회,,,,,,,,,,,,,,,,,,,,,,,,,,,,,,,,,,,,,,,,,,,
우리나라,종교,분쟁,,,,,,,,,,,,,,,,,,,,,,,,,,,,,,,,,,,,,,,,,,,
개신교,교회,시비,,,,,,,,,,,,,,,,,,,,,,,,,,,,,,,,,,,,,,,,,,,
개독,멸망,,,,,,,,,,,,,,,,,,,,,,,,,,,,,,,,,,,,,,,,,,,,
기독교인,사고,내용,사고,기독교인,대신,사과,기독교,구절,변명,사고,기독교인,목사,가르침,부추김,해당,집단,소속,책임,의식,강간,고개,프로,토스,연결,의식,공유,,,,,,,,,,,,,,,,,,,
사고,평생,얼굴,종교,카테고리,이해,안됨,기독교인,살인마,강간,한국인,,,,,,,,,,,,,,,,,,,,,,,,,,,,,,,,,,,
앞가림,교인,,,,,,,,,,,,,,,,,,,,,,,,,,,,,,,,,,,,,,,,,,,,
선교,시간,마스크,방역,수칙,언더,우드,교인,노력,그때,시절,선교사,,,,,,,,,,,,,,,,,,,,,,,,,,,,,,,,,,
교인,,,,,,,,,,,,,,,,,,,,,,,,,,,,,,,,,,,,,,,,,,,,,
개독,과학,,,,,,,,,,,,,,,,,,,,,,,,,,,,,,,,,,,,,,,,,,,,
인성,목사,,,,,,,,,,,,,,,,,,,,,,,,,,,,,,,,,,,,,,,,,,,,
기독교,똥칠,예수,얼굴,,,,,,,,,,,,,,,,,,,,,,,,,,,,,,,,,,,,,,,,,,
예수,교회,잘못,,,,,,,,,,,,,,,,,,,,,,,,,,,,,,,,,,,,,,,,,,,
잘못,개신교,신자,,,,,,,,,,,,,,,,,,,,,,,,,,,,,,,,,,,,,,,,,,,
기독교인,,,,,,,,,,,,,,,,,,,,,,,,,,,,,,,,,,,,,,,,,,,,,
교회,오미크론,국내,유입,,,,,,,,,,,,,,,,,,,,,,,,,,,,,,,,,,,,,,,,,,
개신교,시국,선교,,,,,,,,,,,,,,,,,,,,,,,,,,,,,,,,,,,,,,,,,,,
두둔,다행,,,,,,,,,,,,,,,,,,,,,,,,,,,,,,,,,,,,,,,,,,,,
개신교,이미지,,,,,,,,,,,,,,,,,,,,,,,,,,,,,,,,,,,,,,,,,,,,
교회,음악,,,,,,,,,,,,,,,,,,,,,,,,,,,,,,,,,,,,,,,,,,,,
니들,기독교,,,,,,,,,,,,,,,,,,,,,,,,,,,,,,,,,,,,,,,,,,,,
보수적,기독교,시스템,니들,설거지,,,,,,,,,,,,,,,,,,,,,,,,,,,,,,,,,,,,,,,,,
교회,,,,,,,,,,,,,,,,,,,,,,,,,,,,,,,,,,,,,,,,,,,,,
모노,기독교인,나라,,,,,,,,,,,,,,,,,,,,,,,,,,,,,,,,,,,,,,,,,,,
동물,생리학,멸망,,,,,,,,,,,,,,,,,,,,,,,,,,,,,,,,,,,,,,,,,,,
종교,,,,,,,,,,,,,,,,,,,,,,,,,,,,,,,,,,,,,,,,,,,,,
기독교인,마굿간,콜걸,사막,잡신,지능,병신,,,,,,,,,,,,,,,,,,,,,,,,,,,,,,,,,,,,,,,
보기,화남,실제,마이어,브릭스,상표,등록,시험,결과,유사,과학,신천지,사이비,자격,,,,,,,,,,,,,,,,,,,,,,,,,,,,,,,,
한국,개신교,독특,성장,과정,교회,교세,확장,부흥,정치적,이데올로기,주의,성장,주의,결합,형태,교회,분위기,압도,교인,집중,교회,세습,장난,각종,비리,추문,기형적,산물,교회,정치,이데올로기,파벌,권력,다툼,시작,한국,교회,투쟁,최적,환경,,,,,
한국,교회,성장,세기,영광,,,,,,,,,,,,,,,,,,,,,,,,,,,,,,,,,,,,,,,,,
이해,시도,맹목적,지성,주의,적인,신앙,교인,주입,방향,성장,,,,,,,,,,,,,,,,,,,,,,,,,,,,,,,,,,,
예수,천국,불신,지옥,내용,강조,변주,앵무새,반복,,,,,,,,,,,,,,,,,,,,,,,,,,,,,,,,,,,,,
유럽,교회,현대,부진,원인,맹목적,지성,주의,신앙,,,,,,,,,,,,,,,,,,,,,,,,,,,,,,,,,,,,,
교회,이미지,,,,,,,,,,,,,,,,,,,,,,,,,,,,,,,,,,,,,,,,,,,,
제기,신앙,질문,고민,답변,신앙인,성장,한국,교회,목양,실패,말음,성장,기독교,파생,사이,종교,,,,,,,,,,,,,,,,,,,,,,,,,,,,,
진심,기독교,믿음,,,,,,,,,,,,,,,,,,,,,,,,,,,,,,,,,,,,,,,,,,,
예수,천국,불신,지옥,길거리,선교,목사,불법적,사건,사고,극단적,인건,제외,,,,,,,,,,,,,,,,,,,,,,,,,,,,,,,,,
극단적,기독교인,,,,,,,,,,,,,,,,,,,,,,,,,,,,,,,,,,,,,,,,,,,,
신앙,개인,선택,,,,,,,,,,,,,,,,,,,,,,,,,,,,,,,,,,,,,,,,,,,
교회,가보,신념,무가치,,,,,,,,,,,,,,,,,,,,,,,,,,,,,,,,,,,,,,,,,,
기독교,개독,면모,교인,대중,기독교,개독,,,,,,,,,,,,,,,,,,,,,,,,,,,,,,,,,,,,,,,
하나님,아들,부모,아들,정신,병원,상담,,,,,,,,,,,,,,,,,,,,,,,,,,,,,,,,,,,,,,,
기독교,사이코,패스,,,,,,,,,,,,,,,,,,,,,,,,,,,,,,,,,,,,,,,,,,,
친구,뒷담,교회,왕따,주도,파벌,하나님,용서,,,,,,,,,,,,,,,,,,,,,,,,,,,,,,,,,,,,,,
강간,성폭행,불륜,가정,파탄,하나님,용서,,,,,,,,,,,,,,,,,,,,,,,,,,,,,,,,,,,,,,,
교회,자녀,지옥,,,,,,,,,,,,,,,,,,,,,,,,,,,,,,,,,,,,,,,,,,,
교회,남자,목사,,,,,,,,,,,,,,,,,,,,,,,,,,,,,,,,,,,,,,,,,,,
기도,기도,봉사,,,,,,,,,,,,,,,,,,,,,,,,,,,,,,,,,,,,,,,,,,,
교회,,,,,,,,,,,,,,,,,,,,,,,,,,,,,,,,,,,,,,,,,,,,,
예수,,,,,,,,,,,,,,,,,,,,,,,,,,,,,,,,,,,,,,,,,,,,,
교회,,,,,,,,,,,,,,,,,,,,,,,,,,,,,,,,,,,,,,,,,,,,,
기독교,교리,인생,잠식,노예,도덕,작동,순간,수도,하나님,,,,,,,,,,,,,,,,,,,,,,,,,,,,,,,,,,,,
거리,하나님,구원,기독교인,,,,,,,,,,,,,,,,,,,,,,,,,,,,,,,,,,,,,,,,,,
신앙심,반박,,,,,,,,,,,,,,,,,,,,,,,,,,,,,,,,,,,,,,,,,,,,
교권,교실,,,,,,,,,,,,,,,,,,,,,,,,,,,,,,,,,,,,,,,,,,,,
결과적,현역,입학,재수,시간대,입대,연락,전역,연락,사랑,메가,카페,빙수,취미,이야기,모임,심리학,공부,이야기,모임,일주일,과제,담자,역할,심리,상담,테스트,전형적,신천지,수법,교육,전공,고등학교,상담,심리,이야기,반신반의,수락,,,,,,,,
주차,애착,유형,검사,장단점,주의,정리,주차,니어,그램,진행,개인적,이야기,고등학교,소문,상처,대학교,자신,신천지,친구,상처,예고,머리,배신감,,,,,,,,,,,,,,,,,,,,,,
신천지,쓰레기,유도,논리,퇴로,차단,,,,,,,,,,,,,,,,,,,,,,,,,,,,,,,,,,,,,,,,
순식간,초대,날짜,시간,속수무책,구경,여자,그라운드,기술,제압,모임,시간,작업,동안,잡담,그림,마찬가지,상상,정상적,충격,붙임성,사이비,종교,개인적,사이비,종교,구석,위화감,연기,각거,,,,,,,,,,,,,,,,
불교,개신교,트라,우마,,,,,,,,,,,,,,,,,,,,,,,,,,,,,,,,,,,,,,,,,,
초등학생,불교,교회,친구,표정,나중,지옥,,,,,,,,,,,,,,,,,,,,,,,,,,,,,,,,,,,,,,,
당한,트라,유마,개신교,편견,우리나라,국교,개신교,종교,자유,헌법,보장,개신교,전도사,아줌마,친구,지옥,개소리,세뇌,교회,어른,반성,,,,,,,,,,,,,,,,,,,,,,,,
십자가,그리스,유대인,이방인,미련,,,,,,,,,,,,,,,,,,,,,,,,,,,,,,,,,,,,,,,,,
공산당,종교,고문,청소,주장,학교,어이,,,,,,,,,,,,,,,,,,,,,,,,,,,,,,,,,,,,,,,
기독교인,성경,태반,신과,접촉,대화,명령,하달,내용,상식적,신이,동안,부모님,교회,동네,교회,부분,코미디,말로,교회,목사,신과,접신,명령,하달,이야기,교인,교회,기독교인,신이,영원,능동적,인구,계속,접촉,현상,지속,고대,문서,확인,가능,기독교,토속,신앙,신이,의미
거리,십자,극렬,기독교인,고용,실질적,이익,불이익,가능성,교회,잘못,불신자,영적,신앙,근거,도덕적,우위,행동,무신론,잘못,이야기,화가,,,,,,,,,,,,,,,,,,,,,,,,
대학,지성인,사이,종교,관련,예수,예수,예수,가르침,교회,예수,보통,교회,예수,교회,예수,예수,칭찬,기분,예수,인물,평면적,도전적,저주,,,,,,,,,,,,,,,,,,,,,,
예수,회개,도시,저주,진저,진저,신아,행하,회개,버나,하늘,음부,성시,도시,눈물,저주,선지자,파송,암탉,모음,그날,아이,여인,,,,,,,,,,,,,,,,,,,,,,,
예수,중요,예수,중요,동의,사가,지성,결론,예수,무관심,예수,예수,저주,여야,예수,칭찬,방구석,예수,마을,전도,기독교인,예수,예수,천하,만민,복음,전파,예수,명령,기독교인,지하철,예수,천국,불신,지옥,방식,동의,비난,예수,유익,전도,사이비,세련,위선자,,
기독교,이입,공감,부류,고등,학교,졸업,코로나,대면,세인,고민,고민,기독교,예수,구약,히브리,메시야,신앙,인류,억압,구원자,신앙,관련,그리스,도의,십자가,부활,인류,사상,종교적,세속,권력,영향,고민,양심적,의무,고민,예수,양반,보수적,기독교인,입장,고민,가보,감사,
교인,기독교,,,,,,,,,,,,,,,,,,,,,,,,,,,,,,,,,,,,,,,,,,,,
이만희,세끼,,,,,,,,,,,,,,,,,,,,,,,,,,,,,,,,,,,,,,,,,,,,
신천지,포교,활동,진행,제약,,,,,,,,,,,,,,,,,,,,,,,,,,,,,,,,,,,,,,,,,
포교,대상,기독교인,기독교인,기성,기독교,커뮤니티,지적,신천지,대안,교인,목사,교인,사이,이간질,교회,작전,친구,케이스,자기,말로,장로,정파,교회,명분,헌금,분위기,반면,신천지,자유,분위기,정이,운용,이만희,총회장,세간,인식,오해,한기,총의,음해,,,,,
해석,추구,논리,교인,일요일,이만희,이만희,군침,,,,,,,,,,,,,,,,,,,,,,,,,,,,,,,,,,,,,,
최근,유입,청년층,중반,세기말,분위기,버프,구원,공포심,이만희,교주,신격화,종말론,믿음,아이러니,신천지,본질,선동,눈길,신천지,기독교,종파,과소,평가,거지,실제,전략,신천지,교인,예전,사이비,종교가,주장,작년,집단,코로나,감염,사태,실상,,,,,,,
사이비,종교,세무,혼란,가운데,무지,백성,선동,한국,사이,산맥,마리아,구원,방주,신천지,공통적,대구,지하철,화재,성수,대교,붕괴,당산,철교,붕괴,삼풍,백화점,붕괴,사건,사고,공화국,별명,중순,세력,기점,절박,가정,성장,중반,양지,괴물,,,,,
계열,종교,자칭,주제,주요,교리,해석,이지만,실적,금품,헌납,요구,교주,개인,초인간,지위,부여,위험,단체,이미지,쇄신,노력,대외,활동,세대,유입,본질,사이비,이만희,총회장,사망,백백교,오대양,사건,집단,자살,종용,사회적,물의,기억,주의,,,,,
기독교인,기독교인,입장,서도,병폐,이해,교리,측면,본질적,신천지,공중파,특집,추천,,,,,,,,,,,,,,,,,,,,,,,,,,,,,,,,,
하늘,예수,천국,불신,지옥,체감,,,,,,,,,,,,,,,,,,,,,,,,,,,,,,,,,,,,,,,,
만약,지옥,피조물,악마,이건,동안,의지,인류,가혹,결말,치하,여성,,,,,,,,,,,,,,,,,,,,,,,,,,,,,,,,,,
예수금,,,,,,,,,,,,,,,,,,,,,,,,,,,,,,,,,,,,,,,,,,,,,
금메달,,,,,,,,,,,,,,,,,,,,,,,,,,,,,,,,,,,,,,,,,,,,,
신실,평화,종교인,사이비,피해,평등,주의자,얘기,,,,,,,,,,,,,,,,,,,,,,,,,,,,,,,,,,,,,,
관심,교세,확장,마음,신천지,심정,배척,,,,,,,,,,,,,,,,,,,,,,,,,,,,,,,,,,,,,,,
신과,교수,이자,목사,복수,제자,성폭력,,,,,,,,,,,,,,,,,,,,,,,,,,,,,,,,,,,,,,,
종교,개인,행실,선상,판단,집단,쓰레기,비율,보존,법칙,주위,특정,종교,반발심,,,,,,,,,,,,,,,,,,,,,,,,,,,,,,,,
그리스,신화,발굽,이족,보행,종족,,,,,,,,,,,,,,,,,,,,,,,,,,,,,,,,,,,,,,,,
교환,,,,,,,,,,,,,,,,,,,,,,,,,,,,,,,,,,,,,,,,,,,,,
경제,,,,,,,,,,,,,,,,,,,,,,,,,,,,,,,,,,,,,,,,,,,,,
천국,지옥,,,,,,,,,,,,,,,,,,,,,,,,,,,,,,,,,,,,,,,,,,,,
지옥,천국,,,,,,,,,,,,,,,,,,,,,,,,,,,,,,,,,,,,,,,,,,,,
이미지,컨설팅,광신도,시간당,노력,,,,,,,,,,,,,,,,,,,,,,,,,,,,,,,,,,,,,,,,,
난이,양심,,,,,,,,,,,,,,,,,,,,,,,,,,,,,,,,,,,,,,,,,,,,
수컷,수컷,암컷,암컷,,,,,,,,,,,,,,,,,,,,,,,,,,,,,,,,,,,,,,,,,,
조교,문의,마피아,메일,조교,교주,,,,,,,,,,,,,,,,,,,,,,,,,,,,,,,,,,,,,,,,
응원단,단체,학교,공식,단체,학교,얼굴,연세,학우,공지,학교,전광,신천지,,,,,,,,,,,,,,,,,,,,,,,,,,,,,,,,,
신천지,박살,학년,,,,,,,,,,,,,,,,,,,,,,,,,,,,,,,,,,,,,,,,,,,
신천지,위장,동아리,조심,,,,,,,,,,,,,,,,,,,,,,,,,,,,,,,,,,,,,,,,,,
특임,소속감,일반화,광신도,인간,분류,,,,,,,,,,,,,,,,,,,,,,,,,,,,,,,,,,,,,,,,
지성,기독교,기독교,기독교,설교,기도,내용,비판,기독교,성역,기독교,정신,존중,기독교,학교,기독교,비판,,,,,,,,,,,,,,,,,,,,,,,,,,,,,
전도,거부감,종교,마지막,반야,심경,코란,구절,종교,,,,,,,,,,,,,,,,,,,,,,,,,,,,,,,,,,,,,
독교,,,,,,,,,,,,,,,,,,,,,,,,,,,,,,,,,,,,,,,,,,,,,
기독교,,,,,,,,,,,,,,,,,,,,,,,,,,,,,,,,,,,,,,,,,,,,,
대면,시위,불만,폐인,프레임,교회,예배,낌새,냄새,,,,,,,,,,,,,,,,,,,,,,,,,,,,,,,,,,,,,
평화적,교정,수감자,적합,거의,기준,조선,시대,과부,재혼,금기,천황,폐하,숭배,적합,시절,국가,종교,천벌,개인적,요소,성적,지향,적합,부적합,교정,위험,,,,,,,,,,,,,,,,,,,
개신,교인,,,,,,,,,,,,,,,,,,,,,,,,,,,,,,,,,,,,,,,,,,,,
신천지,,,,,,,,,,,,,,,,,,,,,,,,,,,,,,,,,,,,,,,,,,,,,
하나님,,,,,,,,,,,,,,,,,,,,,,,,,,,,,,,,,,,,,,,,,,,,,
개독,,,,,,,,,,,,,,,,,,,,,,,,,,,,,,,,,,,,,,,,,,,,,
그로,티나,개신,동성애자,양쪽,모두,민폐,진심,,,,,,,,,,,,,,,,,,,,,,,,,,,,,,,,,,,,,,
연세,기독교인,,,,,,,,,,,,,,,,,,,,,,,,,,,,,,,,,,,,,,,,,,,,
이번,백신,패스,종교,시설,,,,,,,,,,,,,,,,,,,,,,,,,,,,,,,,,,,,,,,,,
교회,지난번,코로나,확산,,,,,,,,,,,,,,,,,,,,,,,,,,,,,,,,,,,,,,,,,,
복수,금지,종교,수가,,,,,,,,,,,,,,,,,,,,,,,,,,,,,,,,,,,,,,,,,,
부모님,기독교,기독교,자기,교리,기독교,신자,문제지,기독교,예수,잘못,,,,,,,,,,,,,,,,,,,,,,,,,,,,,,,,,,,
계기,교가,속편,깨달음,,,,,,,,,,,,,,,,,,,,,,,,,,,,,,,,,,,,,,,,,,
교가,비리,온상,인건,옛날,전통,하지,외부인,개신교,비교,,,,,,,,,,,,,,,,,,,,,,,,,,,,,,,,,,,,
조계종,개신교,,,,,,,,,,,,,,,,,,,,,,,,,,,,,,,,,,,,,,,,,,,,
이슬람,개신,교인,불교,종교,싸움,,,,,,,,,,,,,,,,,,,,,,,,,,,,,,,,,,,,,,,,
경영,영상,사이비,종교,차원,범죄,,,,,,,,,,,,,,,,,,,,,,,,,,,,,,,,,,,,,,,,
마인드,종교,,,,,,,,,,,,,,,,,,,,,,,,,,,,,,,,,,,,,,,,,,,,
슬람,글자,,,,,,,,,,,,,,,,,,,,,,,,,,,,,,,,,,,,,,,,,,,,
시바,교회,백신,패스,도서관,이해,안가,,,,,,,,,,,,,,,,,,,,,,,,,,,,,,,,,,,,,,,
교회,하나님,신성,전염병,,,,,,,,,,,,,,,,,,,,,,,,,,,,,,,,,,,,,,,,,,
교회,허용,코미디,비상,,,,,,,,,,,,,,,,,,,,,,,,,,,,,,,,,,,,,,,,,,
이랑,이랑,조교,무의식,,,,,,,,,,,,,,,,,,,,,,,,,,,,,,,,,,,,,,,,,,
조교,교수,,,,,,,,,,,,,,,,,,,,,,,,,,,,,,,,,,,,,,,,,,,,
예수,부활,,,,,,,,,,,,,,,,,,,,,,,,,,,,,,,,,,,,,,,,,,,,
불교도,천주,교도,소수,자도,공격,혐오,거론,최고,봉인,종교가,일부,,,,,,,,,,,,,,,,,,,,,,,,,,,,,,,,,,
개독,,,,,,,,,,,,,,,,,,,,,,,,,,,,,,,,,,,,,,,,,,,,,
분노,표출,특정,개인,기독교,행보,기독,교가,차례,동안,,,,,,,,,,,,,,,,,,,,,,,,,,,,,,,,,,,,
개인적,사정,주변,지인,기독교인,납득,,,,,,,,,,,,,,,,,,,,,,,,,,,,,,,,,,,,,,,,
집단,집단,책임,의식,자신,교회,전화,방역,수칙,협조,,,,,,,,,,,,,,,,,,,,,,,,,,,,,,,,,,,,
시국,기독교,트롤,자유민,주주,이념,아래,존중,책임,신아,,,,,,,,,,,,,,,,,,,,,,,,,,,,,,,,,,,,
포인트,자유,선택,독교,,,,,,,,,,,,,,,,,,,,,,,,,,,,,,,,,,,,,,,,,,
책임,안진,독교,행보,,,,,,,,,,,,,,,,,,,,,,,,,,,,,,,,,,,,,,,,,,
독교,개독,교인,제한,,,,,,,,,,,,,,,,,,,,,,,,,,,,,,,,,,,,,,,,,,
지방,보기,지방,마스크,기독교인,코로나,영향,니만,피해자,초반,이태원,게이,세금,콜센터,직원,책임감,자숙,,,,,,,,,,,,,,,,,,,,,,,,,,,,,
모두,개독,교인,일부,구라,오미크론,진자,전망,,,,,,,,,,,,,,,,,,,,,,,,,,,,,,,,,,,,,,
개독,교인,일부,마스크,찬양,대규모,집단,감염,,,,,,,,,,,,,,,,,,,,,,,,,,,,,,,,,,,,,,
개독,교인,일부,시국,단체,숙박,종교,프로그램,집단,감염,,,,,,,,,,,,,,,,,,,,,,,,,,,,,,,,,,,,
개독,교인,일부,하루하루,손님,자영,업자,골머리,선교,활동,찬양,종교,프로그램,모두,,,,,,,,,,,,,,,,,,,,,,,,,,,,,,,,
분노,대상,독교,독교,이미지,추락,개독,교인,일부,,,,,,,,,,,,,,,,,,,,,,,,,,,,,,,,,,,,,
독교,한국인,경기도,남자,머저리,회식,동호회,사회,활동,대면,공연,사단,회식,교회,대면,예배,능력,발작,수고,,,,,,,,,,,,,,,,,,,,,,,,,,,
포커스,기독교,본질,개독,거짓말,돌파,감염,백신,쓸모,,,,,,,,,,,,,,,,,,,,,,,,,,,,,,,,,,,,,
개독,물타기,지네,개독,,,,,,,,,,,,,,,,,,,,,,,,,,,,,,,,,,,,,,,,,,
지성,혐오,코로나,시국,예수,독교,한명,코로나,국내,유입,민폐,혐오,,,,,,,,,,,,,,,,,,,,,,,,,,,,,,,,,,
진자,진자,자신,종교적,이념,주장,국가,전염병,전파,이동,밀집,자제,우매,진자,대상,진자,니야,전염병,예방,이웃,사랑,혈안,,,,,,,,,,,,,,,,,,,,,,,,
기독교,포함,주변,비판,,,,,,,,,,,,,,,,,,,,,,,,,,,,,,,,,,,,,,,,,,
더러운,개독,논리,타령,,,,,,,,,,,,,,,,,,,,,,,,,,,,,,,,,,,,,,,,,,
개독,지성,비난,,,,,,,,,,,,,,,,,,,,,,,,,,,,,,,,,,,,,,,,,,,
참고,개독,오미크론,최근,귀국,,,,,,,,,,,,,,,,,,,,,,,,,,,,,,,,,,,,,,,,,
기독교,이슬람,국가,억지,선교,개신교,목사,나이,지리,,,,,,,,,,,,,,,,,,,,,,,,,,,,,,,,,,,,,
씨눈,예수,한국,트롤,,,,,,,,,,,,,,,,,,,,,,,,,,,,,,,,,,,,,,,,,,
선교,해외여행,중인,일반인,개신교,한국,트롤,예수,포교,,,,,,,,,,,,,,,,,,,,,,,,,,,,,,,,,,,,,
개신교,결과물,모양,,,,,,,,,,,,,,,,,,,,,,,,,,,,,,,,,,,,,,,,,,,
교고,성서,기독교,기말,고사,인간,허구,점수,개독,취급,,,,,,,,,,,,,,,,,,,,,,,,,,,,,,,,,,,,
,,,,,,,,,,,,,,,,,,,,,,,,,,,,,,,,,,,,,,,,,,,,,
선택,종교,일상,침범,친구,강대,엄마,한동,권유,친구,사막,잡신,드립,의절,,,,,,,,,,,,,,,,,,,,,,,,,,,,,,,,
한동,강요,종교,몰이해,종교,,,,,,,,,,,,,,,,,,,,,,,,,,,,,,,,,,,,,,,,,
일조,,,,,,,,,,,,,,,,,,,,,,,,,,,,,,,,,,,,,,,,,,,,,
범죄자,목사,기도,환영,,,,,,,,,,,,,,,,,,,,,,,,,,,,,,,,,,,,,,,,,,
구교,신교,배척,신교,위엄,,,,,,,,,,,,,,,,,,,,,,,,,,,,,,,,,,,,,,,,,
범죄자,목사,신분,세탁,,,,,,,,,,,,,,,,,,,,,,,,,,,,,,,,,,,,,,,,,,
민주주의,최대,단점,종교,,,,,,,,,,,,,,,,,,,,,,,,,,,,,,,,,,,,,,,,,,
설문,조사,신천지,이미지,사이비,지지,진자,,,,,,,,,,,,,,,,,,,,,,,,,,,,,,,,,,,,,,,
코로나,종교,,,,,,,,,,,,,,,,,,,,,,,,,,,,,,,,,,,,,,,,,,,,
도림,구로,구간,지옥,철인,,,,,,,,,,,,,,,,,,,,,,,,,,,,,,,,,,,,,,,,,
후계자,,,,,,,,,,,,,,,,,,,,,,,,,,,,,,,,,,,,,,,,,,,,,
개원,부인,교회,영업,모임,이것저것,,,,,,,,,,,,,,,,,,,,,,,,,,,,,,,,,,,,,,,,
난리,난리,,,,,,,,,,,,,,,,,,,,,,,,,,,,,,,,,,,,,,,,,,,,
새벽,예수,추종,개독,개지랄,예수,논리,,,,,,,,,,,,,,,,,,,,,,,,,,,,,,,,,,,,,,,
기분,,,,,,,,,,,,,,,,,,,,,,,,,,,,,,,,,,,,,,,,,,,,,
성지,순례,구토,,,,,,,,,,,,,,,,,,,,,,,,,,,,,,,,,,,,,,,,,,,
섹스,파트너,집단,문화적,보수적,이슬람,이혼,행복,이랑,관련,수도,,,,,,,,,,,,,,,,,,,,,,,,,,,,,,,,,,,
사이,종교,정신,광신도,광신도,발악,모습,진심,,,,,,,,,,,,,,,,,,,,,,,,,,,,,,,,,,,,,,
기독교,기독교인,여자,남자,혼전,순결,거짓말,,,,,,,,,,,,,,,,,,,,,,,,,,,,,,,,,,,,,,,
거지,종교,결국,,,,,,,,,,,,,,,,,,,,,,,,,,,,,,,,,,,,,,,,,,,
종교,혼란,시대,,,,,,,,,,,,,,,,,,,,,,,,,,,,,,,,,,,,,,,,,,,
데이터,분석,맥락,사이,종교,,,,,,,,,,,,,,,,,,,,,,,,,,,,,,,,,,,,,,,,,
먹물,놈팽이,인문,병신,체지,,,,,,,,,,,,,,,,,,,,,,,,,,,,,,,,,,,,,,,,,
음악,이슬람,테러,단체,,,,,,,,,,,,,,,,,,,,,,,,,,,,,,,,,,,,,,,,,,
기독교,하나님,,,,,,,,,,,,,,,,,,,,,,,,,,,,,,,,,,,,,,,,,,,,
우상,마라,영어,구절,하나님,,,,,,,,,,,,,,,,,,,,,,,,,,,,,,,,,,,,,,,,,
절대자,실존,유무,종교,결국,인간,위안,상상,버팀목,핑계,,,,,,,,,,,,,,,,,,,,,,,,,,,,,,,,,,,,
외가,식구,기독교인,목사,아들,학과,학생,상종,인간,수도,나사로,고생,시간,응원,시간,가정과,이모,그때,,,,,,,,,,,,,,,,,,,,,,,,,,,,
불행,믿음,기만,모름,타인,전도,자기,믿음,부족,,,,,,,,,,,,,,,,,,,,,,,,,,,,,,,,,,,,,
목숨,주위,나의,희생,하느님,전파,종교인,독실,절대자,불행,,,,,,,,,,,,,,,,,,,,,,,,,,,,,,,,,,,,
미안,열정적,기독교인,수도,,,,,,,,,,,,,,,,,,,,,,,,,,,,,,,,,,,,,,,,,,
개소리,신도,씹새끼,착각,이모,방법,고통,아이,인생,의미,최선,신앙인,기도,축복,,,,,,,,,,,,,,,,,,,,,,,,,,,,,,,,
방의,황제,조강,,,,,,,,,,,,,,,,,,,,,,,,,,,,,,,,,,,,,,,,,,,
이쪽,성경,공부,미끼,공부,권유,질문,판단,탈퇴자,증언,전형적,이단,특성,,,,,,,,,,,,,,,,,,,,,,,,,,,,,,,,,
수의,이상,대한민국,기독교,,,,,,,,,,,,,,,,,,,,,,,,,,,,,,,,,,,,,,,,,,
허구,음모,거짓말,종교,,,,,,,,,,,,,,,,,,,,,,,,,,,,,,,,,,,,,,,,,,
여자,스토커,회원,사이비,학회,의심,나중,접근,사이비,종교,수작,,,,,,,,,,,,,,,,,,,,,,,,,,,,,,,,,,,
터키,오스만,제국,화려,역사,현재,독재자,탄압,이슬람,극단적,사상,침투,,,,,,,,,,,,,,,,,,,,,,,,,,,,,,,,,,
교회,반성,부족,교단,대화,,,,,,,,,,,,,,,,,,,,,,,,,,,,,,,,,,,,,,,,,
예수,천국,불신,지옥,교회,요약,,,,,,,,,,,,,,,,,,,,,,,,,,,,,,,,,,,,,,,,
세기,한국,기독교,조혼,세요,사세,신분,중요,,,,,,,,,,,,,,,,,,,,,,,,,,,,,,,,,,,,,,
세기,한국,기독교,예수,백신,베리,불신자,지옥,,,,,,,,,,,,,,,,,,,,,,,,,,,,,,,,,,,,,,
하느님,지옥,,,,,,,,,,,,,,,,,,,,,,,,,,,,,,,,,,,,,,,,,,,,
세기,한국,기독교,시조새,악마,사역,진화론,교과서,강남,사랑,교회,하느님,,,,,,,,,,,,,,,,,,,,,,,,,,,,,,,,,,
종교인,안락사,유일한,구원,,,,,,,,,,,,,,,,,,,,,,,,,,,,,,,,,,,,,,,,,,
옛날,초등학교,상대,휴대폰,번호,사탕,쪼가리,동네,교회,진저리,,,,,,,,,,,,,,,,,,,,,,,,,,,,,,,,,,,,
개신교,레퍼토리,교회,교회,잘못,,,,,,,,,,,,,,,,,,,,,,,,,,,,,,,,,,,,,,,,,
비판,상관,보통,비판,수위,예수,마굿간,콜걸,종교,탈출,능지,친구,,,,,,,,,,,,,,,,,,,,,,,,,,,,,,,,,,
이슬람,혐오,마찬가지,,,,,,,,,,,,,,,,,,,,,,,,,,,,,,,,,,,,,,,,,,,
기독교,그동안,패악,비판,정신병,정신병,,,,,,,,,,,,,,,,,,,,,,,,,,,,,,,,,,,,,,,,
정신,드립,종교인,얼굴,학교,소름,,,,,,,,,,,,,,,,,,,,,,,,,,,,,,,,,,,,,,,,
공격적,자신,교회,신념,니들,신념,불적,태도,지적,결국,맥락,혐오,거지,,,,,,,,,,,,,,,,,,,,,,,,,,,,,,,,,
기독교,상처,니들,종교인,종교인,선교,명목,패악,성해,,,,,,,,,,,,,,,,,,,,,,,,,,,,,,,,,,,,,
중요,구전,기독교,쓰레기,구절,믿음,기독교,질문,종교,존중,,,,,,,,,,,,,,,,,,,,,,,,,,,,,,,,,,,,
독실,기독교,여성,감내,,,,,,,,,,,,,,,,,,,,,,,,,,,,,,,,,,,,,,,,,,
기독교,근본주의,자도,비판,문자,주의,,,,,,,,,,,,,,,,,,,,,,,,,,,,,,,,,,,,,,,,
이단,이단,이단,이단,전체,,,,,,,,,,,,,,,,,,,,,,,,,,,,,,,,,,,,,,,,,
체계,상임,증명,종교,자신,가치,실현,방법,예수,천국,불신,지옥,논리,,,,,,,,,,,,,,,,,,,,,,,,,,,,,,,,,
종교,권력,타락,종교,타락,예배,개념,기독교인,기독교인,원래,신앙,직업,신앙,근본,원리,거지,종교인,자신,이기적,활동,동의,원래,직장,생활,영위,자신,행위,종교,활동,이기적,행위,자신,활동일,기독교인,예배,직장,중요,사회,필수적,행위,금지,필수적,개인,자유,예배,허용
교양,기독교,채플,수업,하나님,찬양,부가,일부,성경,자세,도덕적,인생,탐구,부정적,논리적,증명,집착,모도,독교,발언,성경,기독교,도움,현실,세계,고찰,,,,,,,,,,,,,,,,,,,,
기독교,안통,,,,,,,,,,,,,,,,,,,,,,,,,,,,,,,,,,,,,,,,,,,,
개독,길가,예수,시간,정신,내경험,담임,,,,,,,,,,,,,,,,,,,,,,,,,,,,,,,,,,,,,,,
선교,선동,짓거리,거절,거절,이상,호구,,,,,,,,,,,,,,,,,,,,,,,,,,,,,,,,,,,,,,,
기독교인,,,,,,,,,,,,,,,,,,,,,,,,,,,,,,,,,,,,,,,,,,,,,
증명,증명,주장,기독교,구장,집단,,,,,,,,,,,,,,,,,,,,,,,,,,,,,,,,,,,,,,,,
결국,인간,자유,회개,인생,기독교,관점,거짓말,그중,피해,,,,,,,,,,,,,,,,,,,,,,,,,,,,,,,,,,,,
교회,수련회,아치,급식,담배,독교,관련,,,,,,,,,,,,,,,,,,,,,,,,,,,,,,,,,,,,,,,
교회,놀이,진심,하나님,여자,거지,,,,,,,,,,,,,,,,,,,,,,,,,,,,,,,,,,,,,,,,
독교,목사,노릇,목사,진심,하나님,양아,,,,,,,,,,,,,,,,,,,,,,,,,,,,,,,,,,,,,,,
예수,길거리,강요,노인,얘기,진심,믿음,정신,이상자,,,,,,,,,,,,,,,,,,,,,,,,,,,,,,,,,,,,,
천국,어이,전지전능,천국,교회,예배,전도,구원,의문,,,,,,,,,,,,,,,,,,,,,,,,,,,,,,,,,,,,,
일부,이단,교리,근본,,,,,,,,,,,,,,,,,,,,,,,,,,,,,,,,,,,,,,,,,,
교리,주관적,가치관,,,,,,,,,,,,,,,,,,,,,,,,,,,,,,,,,,,,,,,,,,,
공회,어른,회개,통성,기도,환멸,동시,인생,성비,스스로,교회,모태,신앙,,,,,,,,,,,,,,,,,,,,,,,,,,,,,,,,,
어른,회개,통성,기도,사이비,이단,교회,기독교,무지,,,,,,,,,,,,,,,,,,,,,,,,,,,,,,,,,,,,,
교회,가르침,구성원,거지,목회자,회의,장로,헌금,비리,청소년,인간,기도,용서,회개,표정,,,,,,,,,,,,,,,,,,,,,,,,,,,,,,,
개독,기독교,이미지,기독교인,부끄러움,기독교,절대,회개,한번,용서,기독교,교리,,,,,,,,,,,,,,,,,,,,,,,,,,,,,,,,,,
어머니,독실,신자,시고,교리,무지,교리,이기적,뷔페,실천,믿음,소망,사랑,실천,교인,모습,현실,,,,,,,,,,,,,,,,,,,,,,,,,,,,,
기독,정의,기준,,,,,,,,,,,,,,,,,,,,,,,,,,,,,,,,,,,,,,,,,,,
신의,악행,지적,도망,사탄,차이,,,,,,,,,,,,,,,,,,,,,,,,,,,,,,,,,,,,,,,,
기독교,모순,하나님,성격,가정,해결,,,,,,,,,,,,,,,,,,,,,,,,,,,,,,,,,,,,,,,,
불구,덩이,묘사,지옥,우리나라,정통,기독교,소수,분파,,,,,,,,,,,,,,,,,,,,,,,,,,,,,,,,,,,,,
현시대,자신,하나님,아들,예수,동생,주장,기독교,증명,과정,이단,정신병자,취급,,,,,,,,,,,,,,,,,,,,,,,,,,,,,,,,,
지식,사랑,기독교인,상대,이해,믿음,부족,실수,반면,지식,사랑,지식,고집,경향,자신,기준,바리새,취급,,,,,,,,,,,,,,,,,,,,,,,,,,,,
기독교,국가,우리나라,십자,예수,지옥,교리,신천지,기독교,,,,,,,,,,,,,,,,,,,,,,,,,,,,,,,,,,,,,
세기,개신교,천주교,불신,지옥,,,,,,,,,,,,,,,,,,,,,,,,,,,,,,,,,,,,,,,,,
표현,일수,종교,포인트,집착,조롱,보기,사회악,,,,,,,,,,,,,,,,,,,,,,,,,,,,,,,,,,,,,,
원래,종교,비신자,입장,기독교,기독교,기반,사이,,,,,,,,,,,,,,,,,,,,,,,,,,,,,,,,,,,,,,
국가,지옥,,,,,,,,,,,,,,,,,,,,,,,,,,,,,,,,,,,,,,,,,,,,
결국,하느님,국가,,,,,,,,,,,,,,,,,,,,,,,,,,,,,,,,,,,,,,,,,,,
예수,원주민,천국,방법,살인,강간,예수,용서,신이,합리적,,,,,,,,,,,,,,,,,,,,,,,,,,,,,,,,,,,,
예수,원주민,천국,방법,성경,구원,유일,법인,복음,전하,명령,살인,강간,진정,예수,진정,믿음,행실,,,,,,,,,,,,,,,,,,,,,,,,,,,,
구약,종교,이교도,전멸,서술,곳곳,하나님,이교도,기독교,절대자,,,,,,,,,,,,,,,,,,,,,,,,,,,,,,,,,,,,
하나님,지옥,교리,길거리,전도,교회,정당,방위,,,,,,,,,,,,,,,,,,,,,,,,,,,,,,,,,,,,,,
세계,상관,예수,지옥,,,,,,,,,,,,,,,,,,,,,,,,,,,,,,,,,,,,,,,,,,
기독교,예수,국가,동안,유럽,제외,천국,,,,,,,,,,,,,,,,,,,,,,,,,,,,,,,,,,,,,,,
부처님,지옥,수행,,,,,,,,,,,,,,,,,,,,,,,,,,,,,,,,,,,,,,,,,,,
십일조,내고,교회,예수,비용,아무것,만약,예수,천국,이득,,,,,,,,,,,,,,,,,,,,,,,,,,,,,,,,,,,,
개독,학교,클라,,,,,,,,,,,,,,,,,,,,,,,,,,,,,,,,,,,,,,,,,,,
기독교인,사이코,주변,사랑,메시지,전달,기독교인,,,,,,,,,,,,,,,,,,,,,,,,,,,,,,,,,,,,,,,
만일,기독교,구원,주장,기독교인,지옥,구원,기독교,구원,주장,구원,가능성,의미,,,,,,,,,,,,,,,,,,,,,,,,,,,,,,,,,
기독교,교리,외면,과시,예수,아버지,자가,상황,,,,,,,,,,,,,,,,,,,,,,,,,,,,,,,,,,,,,,
교회,예수,말씀,이웃,자신,사랑,,,,,,,,,,,,,,,,,,,,,,,,,,,,,,,,,,,,,,,,
도림,,,,,,,,,,,,,,,,,,,,,,,,,,,,,,,,,,,,,,,,,,,,,
슬람,,,,,,,,,,,,,,,,,,,,,,,,,,,,,,,,,,,,,,,,,,,,,
,,,,,,,,,,,,,,,,,,,,,,,,,,,,,,,,,,,,,,,,,,,,,
카톨릭,동등,가운데,으뜸,,,,,,,,,,,,,,,,,,,,,,,,,,,,,,,,,,,,,,,,,,
병신,직원,,,,,,,,,,,,,,,,,,,,,,,,,,,,,,,,,,,,,,,,,,,,
사이비,교주,가능,솜씨,,,,,,,,,,,,,,,,,,,,,,,,,,,,,,,,,,,,,,,,,,
미개,거지,강간,개소리,종교,,,,,,,,,,,,,,,,,,,,,,,,,,,,,,,,,,,,,,,,,
목사,설교,래퍼,토리,죄고,담배,천국,지름길,,,,,,,,,,,,,,,,,,,,,,,,,,,,,,,,,,,,,,
지옥,지랄,개신,교인,협박,모욕죄,처벌,종교,자유,미국,교회,절대,,,,,,,,,,,,,,,,,,,,,,,,,,,,,,,,,,
기독교,타이밍,,,,,,,,,,,,,,,,,,,,,,,,,,,,,,,,,,,,,,,,,,,,
가족,친가,외가,기독,기독교,,,,,,,,,,,,,,,,,,,,,,,,,,,,,,,,,,,,,,,,,
천주교,개신교,교리,차이,해석,차이,개신,목사,필두,종교,해석,피해자,거지,,,,,,,,,,,,,,,,,,,,,,,,,,,,,,,,,
하나님,보좌,하나님,전광,목사,개신교,교리,차이,종교,이용,장사,천지,,,,,,,,,,,,,,,,,,,,,,,,,,,,,,,,,,
맷돌,바다,예수,,,,,,,,,,,,,,,,,,,,,,,,,,,,,,,,,,,,,,,,,,,
전도,교리,,,,,,,,,,,,,,,,,,,,,,,,,,,,,,,,,,,,,,,,,,,,
추천,이상,기독교,신자,상황,형제,자매,며칠,상처,위협,위로,모욕,,,,,,,,,,,,,,,,,,,,,,,,,,,,,,,,,,
부르심,하나님,라인,원래,유대인,종교,이해,,,,,,,,,,,,,,,,,,,,,,,,,,,,,,,,,,,,,,,
기독교,멸망,미련,거지,,,,,,,,,,,,,,,,,,,,,,,,,,,,,,,,,,,,,,,,,,
정확,진보,기독교,자유주의,신학,예수,면상,죽창,,,,,,,,,,,,,,,,,,,,,,,,,,,,,,,,,,,,,,
극단적,이슬람,,,,,,,,,,,,,,,,,,,,,,,,,,,,,,,,,,,,,,,,,,,,
교회,잘만,전환,치료,정신병,당사자,인간,기본권,조직적,잘만,반대,일대일,대응,비교,교회,청소,학살,학살,인종,차별,성차별,역사,보유,교회,공산당,박해,선택적,모습,모순적,,,,,,,,,,,,,,,,,
원수,사랑,성경,동성애자,신앙,무신론자,지옥,십자군,무슬림,강간,,,,,,,,,,,,,,,,,,,,,,,,,,,,,,,,,,,,
무신론자,인간,종교,지능,부류,,,,,,,,,,,,,,,,,,,,,,,,,,,,,,,,,,,,,,,,,
무지,예수,정신병,표현,단순,무신론자,이야기,,,,,,,,,,,,,,,,,,,,,,,,,,,,,,,,,,,,,,,
니들,무신론자,능지,예수,나이,업보,,,,,,,,,,,,,,,,,,,,,,,,,,,,,,,,,,,,,,,,
종교,존중,가톨릭,일부,개신,교인,행동,위선,성경,가르침,대로,이단,이교,존중,타협,마인드,,,,,,,,,,,,,,,,,,,,,,,,,,,,,,
종교가,구원,트리,공의회,개신교,동방,정교회,상대,표현,이단,열교,이교,우회적,표현,비겁,이단,신천지,사회,이단,,,,,,,,,,,,,,,,,,,,,,,,,,,
소수자,이야기,혐오,반대,담론,조리,돌림,세력,기독교,청소,맹목적,보호,,,,,,,,,,,,,,,,,,,,,,,,,,,,,,,,,,
무신론자,예수,예수,장려,예수,,,,,,,,,,,,,,,,,,,,,,,,,,,,,,,,,,,,,,,,,
종교,마음,,,,,,,,,,,,,,,,,,,,,,,,,,,,,,,,,,,,,,,,,,,,
개신교,,,,,,,,,,,,,,,,,,,,,,,,,,,,,,,,,,,,,,,,,,,,,
기독교인,모순,적임,,,,,,,,,,,,,,,,,,,,,,,,,,,,,,,,,,,,,,,,,,,
마지막,기독교,부정적,광기,기독교,토론,대상,,,,,,,,,,,,,,,,,,,,,,,,,,,,,,,,,,,,,,,
반박,기독교,개신교,,,,,,,,,,,,,,,,,,,,,,,,,,,,,,,,,,,,,,,,,,,
기독교,천주교,개신,교니,개신교,,,,,,,,,,,,,,,,,,,,,,,,,,,,,,,,,,,,,,,,,
기독교,천주교,개신교,무식,개신교,성당,악감정,교회,,,,,,,,,,,,,,,,,,,,,,,,,,,,,,,,,,,,,,
십자,마녀,사냥,방패,기독교,주교,,,,,,,,,,,,,,,,,,,,,,,,,,,,,,,,,,,,,,,,
자식,부동산,자신,상속,개념,거지,종교,개념,대지,,,,,,,,,,,,,,,,,,,,,,,,,,,,,,,,,,,,,
양육자,종교,자유,자유,양육자,종교,종교,종교,선택,자유,존중,전형적,개신,교인,사고방식,사이비,종교,단체,찬송,기기,여름,캠프,분노,어이,배달,민족,배달,관련,이야기,,,,,,,,,,,,,,,,,
개신교,전적,부모,자식,종교,활동,학대,표현,부모,자녀,유전자,지적,재산,물적,재산,부모,자신,경험,기반,종교,활동,학대,거지,아버지,자녀,자전거,탈지,개인,선택,영역,종교,부모,자식,대물림,자녀,성인,경험,자신,,,,,,,,
교사,교사,개개인,윤리적,이슈,정치적,중립,명시,처벌,종교,지도자,신도,자리,즉석,예수,구라,방식,왜곡,교리,해석,처벌,모태,신앙,세요,가정,맥락,살배기,공산주의,사상,교육,사상,자유,육아,주세,옛날,시절,문화,상대,주의,폐해,,,,,,
모태,신앙,박멸,반대,만인,동의,보편적,현실적,지도,건설적,방향,고려,종교,사회,윤리,교육,주문,물론,교리,수용,가능,,,,,,,,,,,,,,,,,,,,,,,,,
친구,소개,독서,모임,기독,신앙,부흥회,,,,,,,,,,,,,,,,,,,,,,,,,,,,,,,,,,,,,,,
모순적,좌파,정치인,기독교,이상,희생,실적,모순,,,,,,,,,,,,,,,,,,,,,,,,,,,,,,,,,,,,,,
하나님,잘못,천국,,,,,,,,,,,,,,,,,,,,,,,,,,,,,,,,,,,,,,,,,,,
대중화,종교,종교,목적,수단,이용,종교,이기적,모순적,기독교인,모습,,,,,,,,,,,,,,,,,,,,,,,,,,,,,,,,,,,
급식,학교,아줌마,기도,천국,제도,기도,당한,예수,,,,,,,,,,,,,,,,,,,,,,,,,,,,,,,,,,,,,
기독교인,대다수,기독교인,일상생활,종교,피해,비판,수용,,,,,,,,,,,,,,,,,,,,,,,,,,,,,,,,,,,,,,
기독교,개꿀,동안,망나니,일요일,회개,,,,,,,,,,,,,,,,,,,,,,,,,,,,,,,,,,,,,,,,
예수,신앙,명분,형편,거지,망나니,구원,일반인,조심,측면,,,,,,,,,,,,,,,,,,,,,,,,,,,,,,,,,,,,
기독교,종교인,일상,종교적,자세,기도,,,,,,,,,,,,,,,,,,,,,,,,,,,,,,,,,,,,,,,,
무식,리지,대신,공의,하나님,얼굴,,,,,,,,,,,,,,,,,,,,,,,,,,,,,,,,,,,,,,,,
교회,환멸,하나님,말씀,부조,정치,목사,박시,,,,,,,,,,,,,,,,,,,,,,,,,,,,,,,,,,,,,,
두고,신앙,모태,부모,가치관,신념,세뇌,,,,,,,,,,,,,,,,,,,,,,,,,,,,,,,,,,,,,,,
개독,,,,,,,,,,,,,,,,,,,,,,,,,,,,,,,,,,,,,,,,,,,,,
달마,십자가,탈종,소련,공동,양육,,,,,,,,,,,,,,,,,,,,,,,,,,,,,,,,,,,,,,,,
전도,,,,,,,,,,,,,,,,,,,,,,,,,,,,,,,,,,,,,,,,,,,,,
기독교,환멸,난건,부모님,기독교,교리,이웃,사랑,시도,학부모,뒷담,모순적,동성애,옹호,뉘앙스,얘기,호적,분위기,엄마,얘기,눈물,,,,,,,,,,,,,,,,,,,,,,,,,
하느님,,,,,,,,,,,,,,,,,,,,,,,,,,,,,,,,,,,,,,,,,,,,,
기독교인,트임,교회,,,,,,,,,,,,,,,,,,,,,,,,,,,,,,,,,,,,,,,,,,,
대한민국,종교,대학가,웃음,,,,,,,,,,,,,,,,,,,,,,,,,,,,,,,,,,,,,,,,,,
이슬람,교회,선녀,,,,,,,,,,,,,,,,,,,,,,,,,,,,,,,,,,,,,,,,,,,
얘기,부분,일부,몰상식,교회,방역,수칙,범위,대면,예배,변명,여지,전도,부분,상대방,거절,반복,노력,해석,부분,기독교인,가치관,일치,사이,범위,뉘앙스,대상,,,,,,,,,,,,,,,,,,,
종교인,당연시,이해,안감,전체,기독교인,코로나,기간,베이비,박스,구호,활동,기독교인,학교,미국,선교사,설립,언더,우드,우리나라,기독교,이정,도로,,,,,,,,,,,,,,,,,,,,,,,
독립,운동가,조상님,교회,도하,,,,,,,,,,,,,,,,,,,,,,,,,,,,,,,,,,,,,,,,,
학교,예수,안경,명이,반복,안면,인식,인지,능력,철판,말거,스트레스,스트레스,고려,전도,종교,교리,,,,,,,,,,,,,,,,,,,,,,,,,,,,,
일종,강박,마음,빵꾸,종교,타인,처지,죄책감,거지,,,,,,,,,,,,,,,,,,,,,,,,,,,,,,,,,,,,,
동안,이슬람,국가,이슬람,문화,교리,기독교,판단력,기독교인,입장,,,,,,,,,,,,,,,,,,,,,,,,,,,,,,,,,,,,
결국,기독교,인간,개돼지,기독교인,프로,프로,개독,,,,,,,,,,,,,,,,,,,,,,,,,,,,,,,,,,,,,,
군대,동기,예수,성당,지옥,나중,생활관,,,,,,,,,,,,,,,,,,,,,,,,,,,,,,,,,,,,,,,
하나님,,,,,,,,,,,,,,,,,,,,,,,,,,,,,,,,,,,,,,,,,,,,,
대중화,종교,삼국,시대,고려,시대,승려,부정부패,종교,,,,,,,,,,,,,,,,,,,,,,,,,,,,,,,,,,,,,
친가,우리집,기독교,엄마,기독교,천국,,,,,,,,,,,,,,,,,,,,,,,,,,,,,,,,,,,,,,,,
인문학,계발,세미나,정신적,기독교인,주의,,,,,,,,,,,,,,,,,,,,,,,,,,,,,,,,,,,,,,,,
신천지,,,,,,,,,,,,,,,,,,,,,,,,,,,,,,,,,,,,,,,,,,,,,
사이비,성경,공부,신천지,진영,성경,공부,깨달음,,,,,,,,,,,,,,,,,,,,,,,,,,,,,,,,,,,,,,
성경,해석,성경,위성,입맛,신도,착취,,,,,,,,,,,,,,,,,,,,,,,,,,,,,,,,,,,,,,,
논리,신천지,짜증,포기,결말,도달,,,,,,,,,,,,,,,,,,,,,,,,,,,,,,,,,,,,,,,,
사이비,구분,경전,성경,분석,계시록,위주,프로,사이비,,,,,,,,,,,,,,,,,,,,,,,,,,,,,,,,,,,,,
트리거,금지,가능,이슬람,,,,,,,,,,,,,,,,,,,,,,,,,,,,,,,,,,,,,,,,,,
전광,,,,,,,,,,,,,,,,,,,,,,,,,,,,,,,,,,,,,,,,,,,,,
신대,섹슈얼,인종,담론,허울,현실,시해,신학과,학부,성경,조직,신학,기초도,신학,말단,위치,담론,신학적,능력,배양,뜬구름,전도사,이랑,목회,할거,학번,선배,현실,직시,형제,,,,,,,,,,,,,,,,
신학,일말,존중,장신,뜬구름,학교,학부,말단,담론,신학적,보라,형제,기독교,사랑,꼰대,교회,안다니,꼬마,성경,인용,논점,어중간,신학,공부,학우,시간,공부,신학적,사고력,공부,논문,장신,공부,뜬구름,,,,,,,,,,,,
말투,거지,예의,행동,존중,운운,위선적,목회자,행동,거지,신대,이미지,먹칠,신학,공부,꼰대,학우,예의,신학,진지,신학교,,,,,,,,,,,,,,,,,,,,,,,,,
시청자,동문,참견,,,,,,,,,,,,,,,,,,,,,,,,,,,,,,,,,,,,,,,,,,,
예수,천국,불신,지옥,,,,,,,,,,,,,,,,,,,,,,,,,,,,,,,,,,,,,,,,,,
전공,학점,기독교,,,,,,,,,,,,,,,,,,,,,,,,,,,,,,,,,,,,,,,,,,,
조교,,,,,,,,,,,,,,,,,,,,,,,,,,,,,,,,,,,,,,,,,,,,,
사모예드,이슬람,테러,단체,,,,,,,,,,,,,,,,,,,,,,,,,,,,,,,,,,,,,,,,,,
사회,악영향,사이비,나치,개인,존중,,,,,,,,,,,,,,,,,,,,,,,,,,,,,,,,,,,,,,,,
예수,,,,,,,,,,,,,,,,,,,,,,,,,,,,,,,,,,,,,,,,,,,,,
개독,짐승,,,,,,,,,,,,,,,,,,,,,,,,,,,,,,,,,,,,,,,,,,,,
선사,지옥,테크,리스,백작,,,,,,,,,,,,,,,,,,,,,,,,,,,,,,,,,,,,,,,,,
기독교,인증,,,,,,,,,,,,,,,,,,,,,,,,,,,,,,,,,,,,,,,,,,,,
헌법,비판,가능,기독교,유독,발작,,,,,,,,,,,,,,,,,,,,,,,,,,,,,,,,,,,,,,,,
보통,개신교,,,,,,,,,,,,,,,,,,,,,,,,,,,,,,,,,,,,,,,,,,,,
개독,,,,,,,,,,,,,,,,,,,,,,,,,,,,,,,,,,,,,,,,,,,,,
개독,,,,,,,,,,,,,,,,,,,,,,,,,,,,,,,,,,,,,,,,,,,,,
이슬람,,,,,,,,,,,,,,,,,,,,,,,,,,,,,,,,,,,,,,,,,,,,,
신천지,광복절,집회,저격,공통점,정부,타깃,비난,화살,,,,,,,,,,,,,,,,,,,,,,,,,,,,,,,,,,,,,
일반인,유병,유관,조직,종교인,입장,정통,기독교,이단,차이,사이,종교,이단,어가,기독교,교리,판단,이단,,,,,,,,,,,,,,,,,,,,,,,,,,,,
이단,종교,사이비,종교,,,,,,,,,,,,,,,,,,,,,,,,,,,,,,,,,,,,,,,,,,
이단,사이비,교회,체계,교회,신도,보통,열성적,결국,돈벌이,이단,,,,,,,,,,,,,,,,,,,,,,,,,,,,,,,,,,,
전도,종교,,,,,,,,,,,,,,,,,,,,,,,,,,,,,,,,,,,,,,,,,,,,
남자,언니,광신도,돈벌이,수단,그로,거지,,,,,,,,,,,,,,,,,,,,,,,,,,,,,,,,,,,,,,,
태양,사이비,,,,,,,,,,,,,,,,,,,,,,,,,,,,,,,,,,,,,,,,,,,,
사이,비가,선녀,라니,,,,,,,,,,,,,,,,,,,,,,,,,,,,,,,,,,,,,,,,,,
종교,,,,,,,,,,,,,,,,,,,,,,,,,,,,,,,,,,,,,,,,,,,,,
유교,스타,,,,,,,,,,,,,,,,,,,,,,,,,,,,,,,,,,,,,,,,,,,,
유교,보이,유교,,,,,,,,,,,,,,,,,,,,,,,,,,,,,,,,,,,,,,,,,,,
,,,,,,,,,,,,,,,,,,,,,,,,,,,,,,,,,,,,,,,,,,,,,
기독교,교양,나부랭이,마이너,거지,학년,,,,,,,,,,,,,,,,,,,,,,,,,,,,,,,,,,,,,,,,
교주,종소리,,,,,,,,,,,,,,,,,,,,,,,,,,,,,,,,,,,,,,,,,,,,
친구,가족,경향,투병,안해,이판,사판,단과대,주작,증명,신이,증명,기독,논리,여자,뒤지,,,,,,,,,,,,,,,,,,,,,,,,,,,,,,
모교,,,,,,,,,,,,,,,,,,,,,,,,,,,,,,,,,,,,,,,,,,,,,
설교,진심,정신,,,,,,,,,,,,,,,,,,,,,,,,,,,,,,,,,,,,,,,,,,,
강호,도리,,,,,,,,,,,,,,,,,,,,,,,,,,,,,,,,,,,,,,,,,,,,
핸드폰,귀신,출고,미안,사주,미신,미개,보임,,,,,,,,,,,,,,,,,,,,,,,,,,,,,,,,,,,,,,
무지,신충,,,,,,,,,,,,,,,,,,,,,,,,,,,,,,,,,,,,,,,,,,,,
창조론,종교,절대,진화론,맹신,이상,,,,,,,,,,,,,,,,,,,,,,,,,,,,,,,,,,,,,,,,
모독,죽음,인간,영상,사이비,종교,거가,엄마,포기,,,,,,,,,,,,,,,,,,,,,,,,,,,,,,,,,,,,,
또라이,개신,교인,불쾌감,목실,개신,교계,자정,작용,증거,일수,,,,,,,,,,,,,,,,,,,,,,,,,,,,,,,,,,,
채플,콩고물,안통,강압적,종교,색채,강요,언더,우드,정신,개신교,이미지,,,,,,,,,,,,,,,,,,,,,,,,,,,,,,,,,,
유럽,본데,우리나라,종교,경계,순위,무슬림,패악,,,,,,,,,,,,,,,,,,,,,,,,,,,,,,,,,,,,,,
두고,신이,대포,유럽,이슬람,승리,유럽,무슬림,인구,지역,이슬람,,,,,,,,,,,,,,,,,,,,,,,,,,,,,,,,,,,
이슬람,강자,표본,미국,한국,단순,케이,성적,아녀,,,,,,,,,,,,,,,,,,,,,,,,,,,,,,,,,,,,,
한국,기독교,주류,종교,이슬람,상대적,인식,불교,천주교,외국,이슬람,사건,사고,극단적,행동,,,,,,,,,,,,,,,,,,,,,,,,,,,,,,,
무슬림,배려,권리,혼동,폐쇄적,집단,다양성,운운,아이러니,파키스탄,이슬람,대학교,기독교,불교,종교,소개,가르침,적극적,이행,배려,강요,,,,,,,,,,,,,,,,,,,,,,,,,
병신,필수,,,,,,,,,,,,,,,,,,,,,,,,,,,,,,,,,,,,,,,,,,,,
보이스,사이,비교,,,,,,,,,,,,,,,,,,,,,,,,,,,,,,,,,,,,,,,,,,,
기독교,예전,강제,모태,신앙,시절,성경,경험,성경,종교,배타적,스타,진멸,,,,,,,,,,,,,,,,,,,,,,,,,,,,,,,,,
우리집,불교,집안,유치원,기겁,지옥,난리,학년,교회,교회,어른,가스,라이팅,세뇌,친구,천국,정인,양모,인간,천국,의심,말로,구원,천국,,,,,,,,,,,,,,,,,,,,,,
군대,선임,사이비,신자,,,,,,,,,,,,,,,,,,,,,,,,,,,,,,,,,,,,,,,,,,
사이비,안이,절대,,,,,,,,,,,,,,,,,,,,,,,,,,,,,,,,,,,,,,,,,,,
답변,이메일,조교,태반,,,,,,,,,,,,,,,,,,,,,,,,,,,,,,,,,,,,,,,,,,
모인,탈모,,,,,,,,,,,,,,,,,,,,,,,,,,,,,,,,,,,,,,,,,,,,
예수,주류,,,,,,,,,,,,,,,,,,,,,,,,,,,,,,,,,,,,,,,,,,,,
예수,사망,보험금,,,,,,,,,,,,,,,,,,,,,,,,,,,,,,,,,,,,,,,,,,,
도덕,법이,세계,세대,적용,구약,세계관,하나님,잔인,하나님,자신,선지자,아이,전쟁,남자,명령,왕국,아이,학살,명령,하나님,잔혹,무도,하나님,,,,,,,,,,,,,,,,,,,,,,
율법,중요,하나님,이스라엘,백성,약속,언약,백성인,이방인,적용,당대,문화,성경,말씀,해석,이것을,월권,행위,지적,성서,본래,여성,노예,주인,복종,여자,노예,성경,,,,,,,,,,,,,,,,,,
동성애,반대,염병,모습,현대인,포기,기독교인,,,,,,,,,,,,,,,,,,,,,,,,,,,,,,,,,,,,,,,
심도,토론,기독교인,공염불,설정,,,,,,,,,,,,,,,,,,,,,,,,,,,,,,,,,,,,,,,,,
혐오,감정,종이,쪼가리,구절,고결,정당화,시도,동성애,일반인,긍휼,개독,신이,성소,수자,논리,제시,사회,개독,현실,직시,전직,모태,신앙,,,,,,,,,,,,,,,,,,,,,,
개독,,,,,,,,,,,,,,,,,,,,,,,,,,,,,,,,,,,,,,,,,,,,,
공부,학교,독교,,,,,,,,,,,,,,,,,,,,,,,,,,,,,,,,,,,,,,,,,,,
기독교,스카이,연고,채플,기독교,수업,필수,학교,예수,행사,강제,참여,,,,,,,,,,,,,,,,,,,,,,,,,,,,,,,,,,
일반인,시선,공격적,이상,기독교,신자,바퀴벌레,인식,,,,,,,,,,,,,,,,,,,,,,,,,,,,,,,,,,,,,,
개독,이슬람,감사,언더,우드,선교사,개독,신앙,신앙,학교,존경,감사,기독교,미션,스쿨,만능,이론,중동,이슬람,논리,여자,차별,나라,거지,논리,,,,,,,,,,,,,,,,,,,,,
이슬람,우리나라,푸드,사원,거랑,기독교,기독교,학교,기독교,기독교,얘기,비하,배려,부족,,,,,,,,,,,,,,,,,,,,,,,,,,,,,,,,
개인적,기독교,지성,조건,혐오,표출,,,,,,,,,,,,,,,,,,,,,,,,,,,,,,,,,,,,,,,,
일반인,조건,혐오,개념,기독교인,,,,,,,,,,,,,,,,,,,,,,,,,,,,,,,,,,,,,,,,,
,,,,,,,,,,,,,,,,,,,,,,,,,,,,,,,,,,,,,,,,,,,,,
이번,선거,대여자,수치,증명,경영,신도,매한가지,,,,,,,,,,,,,,,,,,,,,,,,,,,,,,,,,,,,,,
사이비,종교,,,,,,,,,,,,,,,,,,,,,,,,,,,,,,,,,,,,,,,,,,,,
조교,대강당,단상,마이크,기침,,,,,,,,,,,,,,,,,,,,,,,,,,,,,,,,,,,,,,,,,
연합,동아리,학교,막무가내,홍보,신천지,레퍼토리,새내기,조심,,,,,,,,,,,,,,,,,,,,,,,,,,,,,,,,,,,,,
새내기,감사,지기,친구,신천지,짓거리,,,,,,,,,,,,,,,,,,,,,,,,,,,,,,,,,,,,,,,,
종교,신이,가정,인간관계,파탄,신천지,댓가,신천지,학교,자퇴,가출,연락,이젠,포교,연락,,,,,,,,,,,,,,,,,,,,,,,,,,,,,,,
신천지,단체,소름,,,,,,,,,,,,,,,,,,,,,,,,,,,,,,,,,,,,,,,,,,,
동기,연락,사이비,약장수,,,,,,,,,,,,,,,,,,,,,,,,,,,,,,,,,,,,,,,,,,
사문,,,,,,,,,,,,,,,,,,,,,,,,,,,,,,,,,,,,,,,,,,,,,
종교,안됨,기독교,진심,,,,,,,,,,,,,,,,,,,,,,,,,,,,,,,,,,,,,,,,,,
선교,독실,상대방,수입,십일조,뿌리,일욜,예배,가야,고집,스트레스,,,,,,,,,,,,,,,,,,,,,,,,,,,,,,,,,,,
교지,종교,하나쯤,,,,,,,,,,,,,,,,,,,,,,,,,,,,,,,,,,,,,,,,,,,
신이,전광,지옥,예약,,,,,,,,,,,,,,,,,,,,,,,,,,,,,,,,,,,,,,,,,,
사교,자기,지인,사진,,,,,,,,,,,,,,,,,,,,,,,,,,,,,,,,,,,,,,,,,,
집단,이기적,일수,,,,,,,,,,,,,,,,,,,,,,,,,,,,,,,,,,,,,,,,,,,
이기적,,,,,,,,,,,,,,,,,,,,,,,,,,,,,,,,,,,,,,,,,,,,,
남녀,싸움,금지,,,,,,,,,,,,,,,,,,,,,,,,,,,,,,,,,,,,,,,,,,,
방탄,사이비,신도,극성,부끄러움,,,,,,,,,,,,,,,,,,,,,,,,,,,,,,,,,,,,,,,,,
신도,연예인,찬양,아티스트,일반인,,,,,,,,,,,,,,,,,,,,,,,,,,,,,,,,,,,,,,,,,
조교,조교,,,,,,,,,,,,,,,,,,,,,,,,,,,,,,,,,,,,,,,,,,,,
사이비,종교,,,,,,,,,,,,,,,,,,,,,,,,,,,,,,,,,,,,,,,,,,,,
코로나,기독교인,,,,,,,,,,,,,,,,,,,,,,,,,,,,,,,,,,,,,,,,,,,,
일종,교리,이교도,교리,,,,,,,,,,,,,,,,,,,,,,,,,,,,,,,,,,,,,,,,,,
무논,감성,구경,타과,병신,천지,수가,,,,,,,,,,,,,,,,,,,,,,,,,,,,,,,,,,,,,,,
천지,소름,,,,,,,,,,,,,,,,,,,,,,,,,,,,,,,,,,,,,,,,,,,,
종교,극단,주의,,,,,,,,,,,,,,,,,,,,,,,,,,,,,,,,,,,,,,,,,,,
나이,거짓말,은근,부모,잘못,판단,종교,극단,주의,참사,거지,,,,,,,,,,,,,,,,,,,,,,,,,,,,,,,,,,,
슬람,학대,살인,애새끼,종교,떡밥,살길,거지,,,,,,,,,,,,,,,,,,,,,,,,,,,,,,,,,,,,,,
광신도,,,,,,,,,,,,,,,,,,,,,,,,,,,,,,,,,,,,,,,,,,,,,
개독,,,,,,,,,,,,,,,,,,,,,,,,,,,,,,,,,,,,,,,,,,,,,
한쪽,예수,십자가,,,,,,,,,,,,,,,,,,,,,,,,,,,,,,,,,,,,,,,,,,,
양의,기운,음의,기운,풍수지리,미개,,,,,,,,,,,,,,,,,,,,,,,,,,,,,,,,,,,,,,,,
광신도,,,,,,,,,,,,,,,,,,,,,,,,,,,,,,,,,,,,,,,,,,,,,
조교,유도,증원,,,,,,,,,,,,,,,,,,,,,,,,,,,,,,,,,,,,,,,,,,,
